seed_id,nid,news_id,summary,original_title,category,subvert,original_clickbait_penalty,original_predicted_clickbait,zero_shot_title,zero_shot_model,zero_shot_error
1,19315,N33438,"There's really nothing easy about being a NASA astronaut on the International Space Station, and the same goes for spacewalking outside of the orbiting laboratory. It's hard work, and when spacewalks stretch on for hours and hours, you have to be in excellent physical condition to make it through.",NASA's Christina Koch got a little bit messy during first all-female spacewalk,news,newsscienceandtechnology,0.9999181,1,,,dry_run_skipped
2,44364,N60123,"LODI -- Spain's king of red grapes, Tempranillo, has found a home in Lodi, where talented growers and winemakers respect and know how to handle the variety. To celebrate International Tempranillo Day, Bokisch Vineyards is putting on the fourth annual Lodi Tour of Tempranillo Friday through Sunday. This year, 13 boutique wineries in the Lodi American Viticultural Area will showcase their ...",Tour of Tempranillo offers taste of Lodi's take on the Spanish varietal,foodanddrink,newstrends,0.0020869977,0,,,dry_run_skipped
3,24888,N27810,"Today, roller coasters have become instruments of adrenaline (or torture, depending on your perspective). They break speed records, hurl passengers through space, and some are even designed to trick riders.",The Best Roller Coasters Around the World,travel,traveltripideas,0.99994266,1,,,dry_run_skipped
4,50407,N13403,"The Seattle Seahawks once again rallied for a win, this time over the previously unbeaten 49ers. And this Seattle team is for real, writes Mike Jones.",'We always believe': Win over 49ers proves Seattle Seahawks' mindset is more than just lip service,sports,football_nfl,0.00012817541,0,,,dry_run_skipped
5,42378,N7244,Listed starters for the Cyclones and Longhorns in their 2019 Big 12 Conference matchup at Jack Trice Stadium in Ames.,Depth charts: Projected starters for Iowa State vs. No. 23 Texas,sports,football_ncaa,0.00015676561,0,,,dry_run_skipped
6,63352,N1369,A local airman returned home to the Miami Valley on Friday and was greeted by dozens of family and friends.,Local Airman returns from 6 Months in Afghanistan,health,wellness,8.4165134e-05,0,,,dry_run_skipped
7,29280,N3913,"Students at Hartford's new Weaver campus are working to erase stark lines dividing the building's two school communities, the public school drawing students from the neighborhoods and the magnet arts school that mostly serves the suburbs. Working with staff and administrators, they're trying to counteract some of the unintended consequences of relocating and reorganizing three high schools ...","Hartford's Weaver forging a new identity at campus shared by public, magnet students",news,newsus,0.00013871084,0,,,dry_run_skipped
8,13158,N36369,"Considering that Domingue is slated to be an unrestricted free agent this summer, finding an opportunity to play regularly (even if it isn't necessarily at the NHL level to start with) would be ideal.",Louis Domingue changes agents amid attempt to play at NHL level again,sports,icehockey_nhl,7.8780766e-05,0,,,dry_run_skipped
9,5749,N61058,A driver was fatally shot in St. Paul on Sunday night and police are searching for the person responsible.,Driver dies after being shot in St. Paul's Summit-U area,news,newsworld,7.788181e-05,0,,,dry_run_skipped
10,37719,N1117,The playoffs begin next week across Oklahoma. Here is a complete list of the first-round playoff pairings for each class. Class 6A-I Moore at Edmond Santa Fe Jenks at Mustang Norman at Owasso Tulsa Union at Broken Arrow Class 6A-II Sapulpa at Stillwater Choctaw at Muskogee Midwest City at Bixby Tulsa Washington at Del City Class 5A Woodward at Noble Tulsa Kelley at Collinsville Pryor ...,High school football: First-round playoff pairings,sports,basketball_ncaa,0.0001209557,0,,,dry_run_skipped
11,8696,N50539,"It's a decade where you'll meet multiple princesses, a new Queen, The King, Prince and the future King of Pop.",50+ Amazing Things That Happened in the '50s,lifestyle,lifestyledidyouknow,0.99997616,1,,,dry_run_skipped
12,41048,N38458,"When Monday's game against the Mavericks was tied at 86-86, one of the five Celtics on the floor wasn't even on an NBA roster last year. Now, that might not be surprising if the Celtics were floundering, but they're not. They're doing just the opposite. Now, there is an opportunity for others to contribute as a result of Gordon Hayward's injury. Even with that being the case, Javonte Green wasn't told by Brad Stevens he might see minutes in a...",Javonte Green didn't expect to play as much as he did vs. Mavericks,sports,basketball_nba,0.86899936,1,,,dry_run_skipped
13,55398,N31239,Game wardens are investigating a fatal crash involving an all-terrain passenger vehicle in a small town west of Belfast. The wardens say the crash killed 30-year-old Rachel Curtis of Montville in her hometown on Sunday. They say Curtis was a passenger on an ATV that was traveling on a dirt road when it crashed before noon. The warden service says it is working with the district attorney's office to determine if the driver of the ATV will be...,Charges possible after woman dies in ATV crash,travel,travelnews,8.0252066e-05,0,,,dry_run_skipped
14,5962,N6385,Critics say Procter & Gamble contributes to deforestation and should use recycled materials for paper products,Environmentalists' new target? Charmin toilet paper,finance,finance-companies,7.264649e-05,0,,,dry_run_skipped
15,52250,N35503,Plant officials told workers during early shifts less than 12 hours after a proposed tentative contract agreement was announced publicly.,"Ford-UAW deal includes closing Romeo Engine Plant, moving 600 jobs",news,newsus,6.76546e-05,0,,,dry_run_skipped
16,9698,N59081,": CELEBS AND KID PARTIESTampa Theatre is shaking up its annual Halloween film festival Nightmare on Franklin Street with two live shows. Catch the popular horror-comedy podcast The Last Podcast on the Left at 8 p.m. Friday. $34.50-$44.50. And Barry Bostwick, the star of The Rocky Horror Picture Show, will give a talk before a screening of the cult classic at 7 p.m. and midnight ...",Top things to do in Tampa Bay this weekend: Oct. 18-20,travel,travelarticle,0.9996277,1,,,dry_run_skipped
17,14125,N37428,State officials including Republican Gov. Greg Abbott have targeted Austin's left-leaning policies toward homelessness as encampments have grown more prevalent in Texas' capital city.,"Homeless Become More Visible in Austin, Sparking Political Clash",news,newsus,8.295391e-05,0,,,dry_run_skipped
18,64779,N9321,"President Donald Trump was at Walter Reed National Medical Center on Saturday for what the White House said were medical tests as part of his annual physical. The appointment wasn't on his weekend public schedule that was released Friday night, and his last physical was in February. Press secretary Stephanie Grisham said the 73-year-old Trump was ``anticipating a very busy 2020'' and wanted to take advantage of ``a free...",White House: Trump having tests as part of medical checkup,news,newspolitics,0.000117346244,0,,,dry_run_skipped
19,18162,N1836,"In a small study, researchers found that exercising before breakfast led to more fat loss, but not weight loss, than eating beforehand.","The best time to exercise is before breakfast, a new study says",health,fitness,0.0006069636,0,,,dry_run_skipped
20,50785,N2830,"The Cincinnati Bengals lost running back Giovani Bernard to a knee injury during the team's Week 10 game against the Baltimore Ravens. Bernard went to the blue tent in the second quarter and the team quickly ruled him out. They then revised it to a doubtful tag before he unexpectedly made his return in the second half. At the time of the injury, the Ravens had a 28-3 lead and Bernard had turned two carries into 10 yards while serving as the...","Giovani Bernard suffers knee injury vs. Ravens, eventually returns",sports,football_nfl,9.860407e-05,0,,,dry_run_skipped
21,35371,N10963,"In April of this year student activists called for acknowledgment of inaction regarding racism in Worcester's schools. Last month, Worcester voters took to the polls with their selections for the district's new School Committee. The vote reveals that student activists' calls for change have fallen upon deaf ears. With only one person of color elected, Worcester's schools will continue to be ...","As I See It: What Worcester's election means for school discipline, representation",lifestyle,lifestylesmartliving,0.0012295775,0,,,dry_run_skipped
22,57581,N1235,"South Jersey, Group 3 2-Ocean City at 1-Clearview How they got here: Ocean City and Clearivew seem to meet in the sectional final every season, and it's no shock to see both programs back with the years they've both put together. Ocean City continued its impressive play from a year ago, earning wins against Haddonfield and Bishop Eustace to prove itself as one of the state's best. The Red ...","South Jersey, Group 3 final preview: Ocean City at Clearview",news,newsus,9.059603e-05,0,,,dry_run_skipped
23,57269,N30815,"Buy Microsoft on weakness to its semiannual value level at $131.71, or buy at Friday's close if the stock is above $138.17, the key weekly moving average. The target is its quarterly risky level at $152.47.",How to Trade Microsoft on Solid Earnings but No New Intraday High,finance,finance-top-stocks,0.00017857362,0,,,dry_run_skipped
24,14089,N38287,WATERBURY A tractor-trailer found itself stuck under a railroad bridge Monday morning. Police said the truck wedge itself under the bridge at West Main Street and Sperry Street. There were some delays in the area while they worked to remove the truck. It's unknown at this time if there was any structural damage to the bridge. Traffic Accident Tractor Trailer stuck under R&R bridge West ...,Tractor-trailer wedges itself under Waterbury bridge Monday morning,news,newsscienceandtechnology,0.00012932549,0,,,dry_run_skipped
25,48322,N38883,Adam's Corner and Fisher House provide military families resources such as housing and child care.,Adam's Corner celebrates the bravery of our Armed Forces and bring joy to children | Opinion,lifestyle,lifestylefamily,0.9999305,1,,,dry_run_skipped
26,57983,N30812,"A Sacramento man has opened his doors to a Healdsburg couple and their 18 dogs, 11 of which are five-week-old puppies.",Sacramento Man Takes Wildfire Evacuees And Their 18 Dogs,news,newsus,0.00017466306,0,,,dry_run_skipped
27,56246,N25711,Check out photos from the Monster Energy NASCAR Cup Series and NASCAR Xfinity Series playoff weekend at Kansas Speedway.,At-track photos: 2019 Kansas playoff weekend,sports,racing,0.00013012212,0,,,dry_run_skipped
28,57327,N42193,"Frank Vogel is aware of the great situation he's in with the Lakers, and he wants to make the best of it.","Frank Vogel says Lakers are 'coolest organization in the NBA,' calls coaching LeBron James and rest of team 'opportunity of a lifetime'",sports,basketball_nba,0.000109991655,0,,,dry_run_skipped
29,33071,N58911,"PROVIDENCE -- Rhode Island's seasonally adjusted unemployment rage for October was 3.6 percent, the same as September, the state Department of Labor and Training announced Thursday The number of unemployed Rhode Island residents -- those residents classified as available for and actively seeking employment -- was 19,900, down 100 from September, the DLT said. The number of employed Rhode ...","R.I. unemployment rate stays at 3.6%, same as U.S.",finance,finance-real-estate,7.121255e-05,0,,,dry_run_skipped
30,30561,N28526,Curious just how far your dollar goes in Pleasant Valley? Here's what you can get in neighborhood apartment rentals for $900/month.,What apartments will $900 rent you in Pleasant Valley right now?,finance,finance-real-estate,0.00046313636,0,,,dry_run_skipped
31,51318,N61396,"Duane Roots' 1,500hp 6.2L Hemi Charger Hellcat runs on E90 and nitrous, with a huge helping of boost (18 psi) from a 4.5L Whipple blower.","Horsepower! The 1,500hp Hellcat King",autos,autosenthusiasts,0.9994406,1,,,dry_run_skipped
32,51949,N49742,Interstate 70 has reopened near Hoke Road after a rollover crash left all westbound lanes closed around 1 a.m.,I-70 westbound reopened after single-car rollover crash,autos,autosnews,9.5597425e-05,0,,,dry_run_skipped
33,26390,N53703,"State Highway Patrol troopers tried to stop a vehicle after it went left of center around 2:19 a.m. on Park Road near state Route 49, according to a release from Wapakoneta Ohio State Highway Patrol.","Troopers attempt to stop impaired driver, ends with vehicle into tree",autos,autosnews,0.00016354157,0,,,dry_run_skipped
34,57623,N63813,"With the Miami Dolphins rebuilding and holding three 2020 first-round picks in the NFL draft, it is never too early to watch some of the top prospects across the college landscape. Week 11 of the college football season offers a few great opportunities to view some of these players in action against some of the best teams in the nation. Here's a look at a few top players you can watch in South ...",Do some couch scouting for Dolphins draft: Here are top prospects to watch this weekend,sports,football_ncaa,0.99962175,1,,,dry_run_skipped
35,3199,N20207,"HOUSTON The Astros have a reputation for being good at stealing signs and picking up on opposing pitchers' small tells, especially at Minute Maid Park. The Yankees know all too well what the Astros are capable of. In April, James Paxton got hit hard, allowing five earned runs on eight hits in just four innings work here. After that, the Yankees left-hander, who will start Game 2 for the Yankees Sunday night, said he was told he was tipping...","James Paxton, Yankees know Astros can and will pick up on pitching signs",sports,baseball_mlb,0.00011176088,0,,,dry_run_skipped
36,8288,N11059,Intentionally infecting healthy people with the virus will enable scientists to better understand the progression of the illness.,Spreading the flu is putting researchers one step closer to a universal vaccine,health,health-news,0.0003197494,0,,,dry_run_skipped
37,8558,N37303,"You won't believe these wedding gowns are made from only Quilted Northern toilet paper, tape, glue, and a needle and thread.",These 12 exquisite wedding dresses are made from toilet paper,lifestyle,lifestyleweddings,0.9999778,1,,,dry_run_skipped
38,58478,N48489,"The second round of the playoffs are up next, but there's still one more thing to settle when it comes to last week's postseason openers. Who was the Grand Rapids area's top player? It's not an easy question because there were plenty of good choices. Check out the candidates below and vote for your favorite. Votes as many times as you want through 9 a.m. Friday. Just remember to have fun with ...",Vote for Grand Rapids Player of the Week 10,sports,more_sports,0.0038797266,0,,,dry_run_skipped
39,12305,N36484,A Hawaii man has fulfilled a dream shared by shore fishermen throughout the islands with the catch of an ulua weighing 100 pounds or more.,Hawaii angler lands rare giant ulua,sports,outdoors,0.00011624023,0,,,dry_run_skipped
40,60896,N37691,"UPDATE @ 12:16 a.m. (Oct. 25): The state patrol is working to determine who went left of center in the head-on collision along U.S. 127 south of Camden that left one dead and two others with serious, non-life threatening injuries, said Sgt. Dallas Root, Dayton Post.","1 dead, 2 injured in U.S. 127 head-on collision near Camden, state patrol says",autos,autosnews,8.773243e-05,0,,,dry_run_skipped
41,13702,N48354,"Losing Game 5 of the National League Division Series was crushing, but losing the tomahawk chop as well would be too much for Kevin Mooneyhan.","Online petition to keep divisive Braves tomahawk chop nears 60,000",finance,financenews,8.491244e-05,0,,,dry_run_skipped
42,36881,N54282,Fort Collins is celebrating the 20th anniversary of the city's climate action efforts with a free event at the Lincoln Center.,"Fort Collins, CSU hosting event to celebrate 20 years of climate action",weather,weathertopstories,8.906224e-05,0,,,dry_run_skipped
43,14091,N39969,"President Donald Trump on Monday equated the case of a hate crime allegation made by actor Jussie Smollett to the current impeachment process being imposed by Congress, calling both a ""scam.""",Trump equates the Smollett case to impeachment inquiry,news,newspolitics,0.00013501775,0,,,dry_run_skipped
44,688,N31254,"If you're apartment hunting, you know how hard it can be to find a bargain nearby. So what does the low-end rental price in Zilker look like these days?","The most affordable apartments for rent in Zilker, Austin",finance,finance-real-estate,0.058436096,0,,,dry_run_skipped
45,12679,N41926,"Often marketed as a natural solution to aches and pains, CBD can now be found in food, drinks, and even skincare products.",8 Questions to Ask Yourself Before Using CBD,health,wellness,0.9999633,1,,,dry_run_skipped
46,30935,N36043,"Eat the Frog Fitness and MOOYAH Burgers, Fries & Shakes are headed for Hill Center Brentwood.",2 more business openings on tap at Hill Center Brentwood,foodanddrink,newstrends,0.000101162725,0,,,dry_run_skipped
47,61208,N33158,"LEBANON, Pa. -There's an unrepaired sinkhole in a Lebanon neighborhood and it's causing more problems than one. The location of it has people playing the blame game and now it's all falling back on one person. The hole on Elm Street is causing a whole lot of problems for Debbie Carpenter of Lebanon. ""I'm very stressed,"" Carpenter said. ""I'm very upset about this whole thing. I just want it to ...","City, resident at odds over sinkhole repair in Lebanon",news,newsus,6.3600986e-05,0,,,dry_run_skipped
48,11581,N51345,"A fading piece of Americana, bobwhite quail are iconic in Texas. The tradition of hunting them with friends and family is a social experience that can be second to none. ""Once people do it and experience it, it's something they'll never forget. The first flush of wild quail, how your heart jumps in your throat you feel like you're about to have a heart attack,"" said Robert Perez, upland game bird program leader for the Texas Parks and Wildlife...",Texas quail rebounding after a dismal 2018,travel,traveltripideas,0.00018981566,0,,,dry_run_skipped
49,31808,N54566,"Most machines you find at the gym are engineered to train specific muscles, but what if you only have 20, 30 minutes?",You Asked: What's the Most Effective Machine to Use at the Gym?,health,fitness,0.9998586,1,,,dry_run_skipped
50,28111,N9557,Vice officers stormed the building in connection with a Design District massage parlor that was also raided,Critically Acclaimed Southlake Restaurant Raided By Police,foodanddrink,newstrends,0.00013959281,0,,,dry_run_skipped
51,21363,N48983,"Canada's ruling Liberals took an early lead after polls closed in four provinces on Monday, as Prime Minister Justin Trudeau battled to remain in power after two major scandals and a spirited challenge by the opposition Conservatives.",Trudeau's Liberals take early lead after first Canadian polls close,news,newsworld,7.451728e-05,0,,,dry_run_skipped
52,55721,N61577,"We simply can't allow massive rent increases and unjust evictions to happen anymore, councilmember says","To help renters, LA moving to ban 'no fault' evictions",finance,finance-real-estate,0.00011664184,0,,,dry_run_skipped
53,27278,N52246,"Chinese conglomerate Fosun has snapped up the Thomas Cook brand for 11 million ($14.2 million), weeks after the renowned British travel group went bust and left hundreds of thousands of holidaymakers stranded abroad.",Fosun buys Thomas Cook brand for 11 million,finance,finance-companies,7.841044e-05,0,,,dry_run_skipped
54,12410,N34177,Browse listings of dogs up for adoption at pet adoption centers in and around Seattle.,5 delightful doggies to adopt now in Seattle,news,newsus,0.99996114,1,,,dry_run_skipped
55,19581,N62935,"As with other jobs in the health care sector, becoming a dentist is a long, costly, and demanding endeavor.",The Best and Worst States to Be a Dentist,health,medical,0.9989392,1,,,dry_run_skipped
56,49179,N62590,"A Gilroy mother suspected of drowning her 2-year-old daughter told a dispatcher she ""just snapped"" as her child gave her ""a hard time,"" according to a court document.",Gilroy mom suspected of killing 2-year-old daughter allegedly told dispatcher she 'just snapped',news,newscrime,0.5543773,1,,,dry_run_skipped
57,23740,N41233,Rep. Debbie Wasserman Schultz (D-Fla.) said she stands by her remarks from earlier this week in which she called acting U.S. Citizenship and Immigration Services (USCIS) Director Ken Cuccinelli a white supremacist.,Debbie Wasserman Schultz defends calling Ken Cuccinelli a white supremacist,news,newspolitics,0.007291922,0,,,dry_run_skipped
58,1165,N41526,"Save time without sacrificing cleanliness at home with these mighty cleaning products. No stain, scum, or smell can handle the battle against them. As an added bonus, many of the products on the list are free of harsh chemicals and scents.",11 Powerful Products That Cut Your Cleaning Time in Half,lifestyle,lifestylecleaningandorganizing,0.99997556,1,,,dry_run_skipped
59,56149,N34019,"The name of the patient has not been released, and there's no clear answer as to how this tragedy happened, but here's a breakdown of what we do know.",Patient dies in ER at WellSpan York Hospital what we know now,health,medical,0.000167963,0,,,dry_run_skipped
60,18192,N45306,"At first, teachers at Sky Valley Education Center simply evacuated students and used fans to clear the air when the fluorescent lights caught fire or smoked with noxious fumes.","Toxic PCBs linger in schools; EPA, lawmakers fail to act",news,newsus,9.0061294e-05,0,,,dry_run_skipped
61,39254,N34443,"In the land of sourdough, heavy loaves of dense Tartine Bakery bread and naturally fermented everything, milk bread might seem like a surprising choice for San Francisco chefs. But they love it. ""I think white bread is kind of taboo in the Bay Area food scene,"" said Anthony Strong, chef-owner of Prairie in the Mission. ""I feel a little guilty eating it sometimes. This isn't some sort of heirloom flour that was milled down the street."" Japanese...",San Francisco chefs find nostalgia in Japanese milk bread,foodanddrink,newstrends,0.0007083035,0,,,dry_run_skipped
62,8229,N60446,"After Dr. Ulrich Klopfer died in September his family found 2,246 preserved fetuses at his home in Illinois. Authorities have now found more.",More fetal remains connected to dead abortion doctor found in Illinois,news,newscrime,0.00010551436,0,,,dry_run_skipped
63,20001,N59327,Dust off your grandma's cookbook and make one of these vintage Christmas desserts for your holiday feast. The post 30 Vintage Christmas Desserts Inspired by Grandma appeared first on Taste of Home.,30 Vintage Christmas Desserts Inspired by Grandma,foodanddrink,recipes,0.9999771,1,,,dry_run_skipped
64,8097,N22702,"A school in south Seattle had to cancel some classes after someone allegedly set fire to one of their buildings. St. Bernadette Catholic School on SW 128th Street in White Center released a statement Thursday, saying a fire caused major damage to their primary building, which houses the pre-school to third-grade classrooms. It happened overnight Wednesday into Thursday morning. School leaders said cleaners are working around the clock and...",Fire damages St. Bernadette Catholic School in south Seattle,lifestyle,lifestylebuzz,8.314723e-05,0,,,dry_run_skipped
65,35802,N6418,"Every year, volunteers bring holiday cheer to seniors in long-term care facilities as part of the Brevard County TRIAD's Senior Santa program.",Senior Santa a great way to help area's elderly,travel,travelarticle,0.86702895,1,,,dry_run_skipped
66,56157,N18679,"Penn State junior Megan McNeely was just headed to class, when she heard a voice in the distance. ""Michigan State?! Why are you wearing that?"" That was from football coach James Franklin, who while walking across campus spotted McNeely wearing a T-shirt supporting the Spartans. (McNeely has family that went to MSU.) So Franklin's rectified McNeeley's wardrobe choice ... by giving her his Penn ...",Penn State's James Franklin gives student in Michigan State shirt his instead,sports,basketball_ncaa,0.00024723596,0,,,dry_run_skipped
67,44445,N55459,"Kansas coach Les Miles says he's ready for the reunion. Miles, who has guided the Jayhawks to a 3-6 record, will return to a previous stop this weekend: Stillwater, where KU will play at Oklahoma State on Saturday. ""I think I will enjoy walking in that stadium,"" Miles said, ""more than anybody else."" Miles recalls his days as Oklahoma State coach fondly. He was there from 2001-04, ...","KU Jayhawks football vs. Oklahoma State Cowboys: Kickoff time, TV, 5 things to know",sports,football_ncaa,0.9889338,1,,,dry_run_skipped
68,29077,N28549,"A few of Kentucky's representatives had something to say after the vote, and Majority Leader Mitch McConnell had strong words in the Senate",How Kentucky's House delegation voted on the Trump impeachment inquiry rules,news,newspolitics,0.001457816,0,,,dry_run_skipped
69,1977,N37841,These gentle giants are not only adorable they're also fascinating. Here are a few surprising facts about perhaps the sweetest sea creatures. The post 13 Things You Never Knew About Manatees appeared first on Reader's Digest.,13 Things You Never Knew About Manatees,lifestyle,causes-animals,0.9999789,1,,,dry_run_skipped
70,4989,N30211,"Rafael Nadal pulled out of the Paris Masters with an abdominal injury just minutes before the scheduled start of his semi-final against Denis Shapovalov on Saturday, and admitted his participation at the ATP Tour Finals was in doubt. The 33-year-old has battled multiple injuries throughout his career and also pulled out of the Paris Masters on his last appearance in 2017 before the quarter-finals.","'Super sad' Nadal out of Paris Masters, doubt for ATP Finals",sports,tennis,7.290131e-05,0,,,dry_run_skipped
71,5356,N33680,"A nearly 8,000 square-foot mansion in Scottsdale with a finished basement was among this week's priciest homes sold in metro Phoenix.","A Scottsdale mansion with a rooftop view deck, home theater sells for $2.65M",finance,finance-real-estate,0.0001175115,0,,,dry_run_skipped
72,3102,N62853,Connor Murphy posted a video to his YouTube channel in 2016 that highlights the ways people can manipulate their appearance for photos.,A bodybuilder showed how fitness influencers can make their bodies look Instagram-perfect in before-and-after photos,health,fitness,0.9999678,1,,,dry_run_skipped
73,5858,N64387,"If you love Halloween, this spooky wedding shoot is a great way to get a little dark inspiration for your big day.","This Halloween Corn Maze Wedding Is Dark, Sophisticated, and Bone-Chillingly Beautiful",lifestyle,lifestyleweddings,0.9999722,1,,,dry_run_skipped
74,64312,N60130,"3 ON YOUR SIDE (3TV) - The 3 On Your Side Team gets a lot of emails from viewers wondering if certain phone calls are legit or scams. So, we want to share some of those calls with you, so you know what to look out for. [WATCH: 3 On Your Side warns about scam phone calls] First up, there's one call we've been getting a lot of questions about regarding the Social Security Administration. Here's a sample. ""This call is from the Department of Social...",Don't be duped by 'phony' phone calls,news,newsus,0.99992406,1,,,dry_run_skipped
75,61995,N26409,"Winter is not stopping Milwaukee's pilot scooter program even if snow did for a day. The city ordered scooter companies to move the vehicles off the streets before Thursday's storm. Scooters were back on Milwaukee's streets Friday after the Halloween snowstorm forced them into temporary storage according to a Lime spokesman. ""We monitor the weather in addition to a number of other things we do. And our robust operations staff decided to pull...",Snow puts skids on scooters for day,travel,travelarticle,0.0003672552,0,,,dry_run_skipped
76,36522,N39981,Majority Leader Steny Hoyer joins Morning Joe to discuss Wednesday's hearing with top diplomats George Kent and Bill Taylor and why he will make a decision on impeachment after he's heard all of the testimony.,Rep. Hoyer: I'll reserve judgment until I hear all testimony,news,newsus,0.0002909947,0,,,dry_run_skipped
77,44576,N44639,"If the start of Thursday's practice is any indication, quarterback Jimmy Garoppolo and his 49ers offense could operate at significantly less than full strength Sunday against Arizona. Tight end George Kittle (ankle/knee injuries), wide receiver Emmanuel Sanders (ribs) and running back Matt Breida (ankle) didn't participate in the portion of practice open to the media. Sanders, wearing his No. 17 jersey and sweats, was walking off the field as...",49ers offense still at less than full strength ahead of game vs. Arizona,sports,football_nfl,8.148334e-05,0,,,dry_run_skipped
78,25820,N5322,"A milder-than-average winter is predicted across much of the country, federal forecasters said in the official U.S. winter outlook released Thursday.","Mild but changeable winter weather predicted for much of U.S., federal forecasters say",weather,weathertopstories,9.420616e-05,0,,,dry_run_skipped
79,12477,N60146,A pregame injury report before the Michigan Wolverines face No. 7 Penn State in a Big Ten matchup,Michigan injury report: Here's who is expected to play at Penn State,sports,football_ncaa,0.00019250887,0,,,dry_run_skipped
80,31766,N38735,"It's tax season, and in the past couple of weeks you've probably been checking out your return or figuring out how you're going to pay your bill. Large corporations and wealthy individuals, though? They've figured out a way around that. These are the 20 countries that most often serve as tax havens, based mostly on research from activist group Oxfam.",The biggest tax havens in the world,finance,finance-taxes,0.0007929085,0,,,dry_run_skipped
81,5232,N53329,"Approaching his 40th birthday, Aaron Archer found himself at 230 pounds and nearly 25 percent body fat. He started doing regular HIIT workouts in addition to weight training and calorie tracking, and lost 40 pounds.",How This Guy Lost 40 Pounds and Got Shredded for His 40th Birthday,health,weightloss,0.99997437,1,,,dry_run_skipped
82,57339,N56676,Three former Louisville Metro Police Department officers will have to pay back thousands of dollars in restitution for an overtime scheme that lasted years. Sgt. Brian Stanfield and Detectives Todd Roadhouse and Mark Final pleaded guilty to federal wire fraud charges Monday. The three officers admitted to submitting overtime requests and collecting payments for hours they did not actually work. As part of a unit in the department's Narcotics...,3 former LMPD officers plead guilty to federal charges of falsifying overtime records,news,newscrime,0.00017939623,0,,,dry_run_skipped
83,58272,N8133,"Two crashes caused major issues Thursday morning near I-265 and I-65 in south Louisville. A jackknifed semi closed the ramp from I-265 West to I-65 North. That ramp has since opened. Sign up for our Newsletters The semi was leaking fuel. Another accident also blocked lanes on I-65 North, just inside I-265. READ THE FULL STORY:Crashes causing backups near I-265 and I-65 in Louisville CHECK OUT WLKY:Live. Local. Late-Breaking. Get the top...",Crashes causing backups near I-265 and I-65 in Louisville,autos,autosnews,8.717502e-05,0,,,dry_run_skipped
84,51584,N44471,The head coach may have doomed his team - and his kicker - with the questionable call.,Matt Nagy defends decision to kneel before Eddy Pineiro miss,sports,football_nfl,0.00025608504,0,,,dry_run_skipped
85,47627,N52164,"Twitter user Brian the Brachiosaurus created a lovely video showing the progression of the snow in Point Place, Ohio, on Nov. 12, even though their clock literally froze from freezing rain at 3:44 p.m.",Brian the Brachiosaurus' snow time-lapse,weather,weathertopstories,0.85267437,1,,,dry_run_skipped
86,56956,N7103,Phoenix brunch restaurant Hash Kitchen has 60 ingredients on the largest bloody mary bar in Arizona. Here's the trick to making the massive drinks.,Here's the trick pros use to make massive bloody marys at Hash Kitchen in Phoenix,foodanddrink,newstrends,0.9999771,1,,,dry_run_skipped
87,6951,N57318,"A great white shark that weighs over 2,000 pounds and measures 15 feet, 5 inches long has been swimming along the US East Coast.","A 2,000-pound great white shark is swimming off the coast of Florida",news,newsus,0.24557604,0,,,dry_run_skipped
88,34621,N12853,Finley put together a performance that indicates the Bengals are still looking for their quarterback of the future.,Life came at Ryan Finley fast in his first career start,sports,football_nfl,0.00032155888,0,,,dry_run_skipped
89,56073,N47159,"Michelle Mero Riedel's carefully composed garden in Oakdale is always ready for its close-up. The beds and plots are kept meticulously weeded and deadheaded, and she doesn't hesitate to move a plant that has grown too tall for the plants around it. ""I really like a tidy garden,"" said Mero Riedel. As a professional photographer, Mero Riedel relies on having a photogenic subject right outside ...",Photographer tends a picture-perfect garden in Oakdale,lifestyle,lifestylehomeandgarden,0.0005745638,0,,,dry_run_skipped
90,25614,N49789,"Every week in Genius Recipes often with your help! Food52 Creative Director and lifelong Genius-hunter Kristen Miglore is unearthing recipes that will change the way you cook. Why does everyone keep talking about this chopped salad? It first started making waves in 2006 when Nancy Silverton put it on the menu at Pizzeria Mozza in Los Angeles. Thirteen years later, Food52 community members are still writing to me to tell me how genius it is. It...",The Genius Chopped Salad Everyone's (Still) Talking About,foodanddrink,recipes,0.9999716,1,,,dry_run_skipped
91,21105,N21131,"An Arcadia man with a history of donating to Democrats and Republicans in federal elections including $900,000 funneled to President Trump's inaugural committee is expected to plead guilty to falsifying records to conceal his work as a foreign agent and making almost $1 million in illegal campaign contributions, prosecutors said Tuesday. Imaad Shah Zuberi, a 49-year-old campaign fundraiser ...","SoCal Man Who Donated $900K to Trump Will Plead Guilty to Hiding Work as Foreign Agent, Illegal Campaign Contributions",news,newspolitics,0.00016324352,0,,,dry_run_skipped
92,42302,N64688,"Monty Williams felt first-year Michigan coach Juwan Howard could do anything, but he was one of the first coaches Howard asked questions about coaching.",How Suns coach Monty Williams helped Michigan's Juwan Howard become a coach,sports,basketball_ncaa,0.42067647,0,,,dry_run_skipped
93,59599,N24706,"Last month was the hottest October ever recorded worldwide, according to data released by the European Union's satellite monitoring service on Tuesday. Globally, temperatures were 0.69 degrees Celsius (1.25 degrees Fahrenheit) warmer than the average October from 1981 to 2010, and 0.01 C warmer than the previous record holder, October 2015. This is equivalent to 1.2 Celsius above the pre-industrial average, the Copernicus Climate Change Service...",Last month hottest October on record: EU climate service,news,newsscienceandtechnology,0.00021198437,0,,,dry_run_skipped
94,8028,N5932,U.S. News & World Report released its new ratings for the best nursing homes in 2019-20 on Tuesday.,69 Texas Nursing Homes Make U.S. News 'Best' Ratings,health,wellness,0.00015268488,0,,,dry_run_skipped
95,16775,N28787,"Waves pummeled the shores of Lake Superior and Lake Michigan early this week as an intense storm system swept across the Great Lakes. Winds howled from the Dakotas through Michigan, and AccuWeather Reporter Blake Naftel witnessed the power of the storm first-hand along the eastern shores of Lake Michigan. Naftel was in Grand Haven, Michigan, on Tuesday morning when 50-mph wind gusts lashed the area. Those strong winds spawned large waves that...",Huge storm blows through and makes lake look like raging ocean,weather,weathertopstories,0.001636638,0,,,dry_run_skipped
96,28458,N58243,"Next month, however, you'll be able to see it from your own moped driven by you.",Uber Is Launching Mopeds in Paris,travel,travelnews,0.0011883004,0,,,dry_run_skipped
97,14282,N44833,"Minnesota resident Carol Bauer captured video of a farmer driving his tractor through his fields as snow fell in Graceville, on November 6. Bauer told Storyful weather conditions this year made it challenging for farmers in west-central Minnesota, leading to low crop production. Many acres were not planted due to a wet summer and fall, and even some hail throughout the year, according to Bauer. ""Farmers had to plant cover crops to stop soil erosion or preventive planting instead of a productive crop,"" said Bauer. ""Now we are trying to finish up with wet fall snow. "" Credit: Carol Bauer via Storyful",Minnesota Farms Report Low Yields After 'Extremely Challenging' Weather Conditions,weather,weathertopstories,8.492726e-05,0,,,dry_run_skipped
98,40667,N24882,"The Wall of Faces campaign has been tracking down photos of the more than 58,000 faces on the Vietnam Veterans Memorial. But images from 11 men from Detroit are missing.",Help find photos of these 11 Vietnam Veterans from Detroit,lifestyle,lifestylebuzz,0.99988997,1,,,dry_run_skipped
99,43505,N6848,"Missouri State Auditor Nicole Galloway has again issued a subpoena to Clay County officials pushing the county to turn over documents related to a citizen-mandated audit. ""Given the past conduct of the county in evading the audit, the subpoena was issued to get answers on behalf of Clay County citizens,"" the auditor's office said in a statement. Sign up for our Newsletters In October, a judge dismissed a lawsuit filed by the Clay County...",State auditor again issues subpoena to Clay County in citizen-mandated audit,news,newsus,6.6570734e-05,0,,,dry_run_skipped
100,62644,N39002,"Mizner Park, a 28-year-old shopping plaza in downtown Boca Raton, was in need of a refresh after losing some tenants in recent years. Now, the owner is energizing its retail mix with restaurants, bars, stores, entertainment, and some pop-up retailers. H u00e4stens, a company that sells handmade bedding from Sweden, will open in December, according to Mizner Park's management, followed by ...","Boca Raton's Mizner Park jazzes up plaza with new restaurants, stores, bars and entertainment",travel,travelnews,0.00014517433,0,,,dry_run_skipped
