seed_id,agentic_selected_candidate_id,agentic_selected_candidate_rank,nid,news_id,summary,original_title,category,subvert,original_clickbait_penalty,original_predicted_clickbait,agentic_selected_title,candidate_model,candidate_error,agentic_clickbait_penalty,agentic_predicted_clickbait,candidate_pred_faithfulness,candidate_pred_clarity,candidate_pred_specificity,candidate_pred_attractiveness,candidate_pred_non_clickbait,candidate_pred_overall,agentic_quality_reward,agentic_pairwise_reward,agentic_final_score
1,1_c1,1,19315,N33438,"There's really nothing easy about being a NASA astronaut on the International Space Station, and the same goes for spacewalking outside of the orbiting laboratory. It's hard work, and when spacewalks stretch on for hours and hours, you have to be in excellent physical condition to make it through.",NASA's Christina Koch got a little bit messy during first all-female spacewalk,news,newsscienceandtechnology,0.9999181,1,NASA Astronauts Face Challenges of Long Spacewalks on ISS,gpt-4o-mini,,9.116853470914066e-05,0.0,4.785194396972656,4.837152004241943,4.429933071136475,4.0080742835998535,4.869417190551758,4.623830318450928,4.580771446228027,0.68448805809021,6.288608551025391
2,2_c2,2,44364,N60123,"LODI -- Spain's king of red grapes, Tempranillo, has found a home in Lodi, where talented growers and winemakers respect and know how to handle the variety. To celebrate International Tempranillo Day, Bokisch Vineyards is putting on the fourth annual Lodi Tour of Tempranillo Friday through Sunday. This year, 13 boutique wineries in the Lodi American Viticultural Area will showcase their ...",Tour of Tempranillo offers taste of Lodi's take on the Spanish varietal,foodanddrink,newstrends,0.0020869977,0,Bokisch Vineyards Hosts Fourth Annual Lodi Tour of Tempranillo,gpt-4o-mini,,7.507640839321539e-05,0.0,4.85429573059082,4.867145538330078,4.703791618347168,4.211621284484863,4.890632629394531,4.793154716491699,4.70444917678833,0.8511799573898315,6.5218119621276855
3,3_c2,2,24888,N27810,"Today, roller coasters have become instruments of adrenaline (or torture, depending on your perspective). They break speed records, hurl passengers through space, and some are even designed to trick riders.",The Best Roller Coasters Around the World,travel,traveltripideas,0.99994266,1,Modern Roller Coasters Break Speed Records and Defy Expectations,gpt-4o-mini,,0.00014946312876418233,0.0,4.466214179992676,4.6939311027526855,3.85771107673645,3.807957649230957,4.723095417022705,4.205091953277588,4.289865016937256,0.6452928781509399,5.841609954833984
4,4_c2,2,50407,N13403,"The Seattle Seahawks once again rallied for a win, this time over the previously unbeaten 49ers. And this Seattle team is for real, writes Mike Jones.",'We always believe': Win over 49ers proves Seattle Seahawks' mindset is more than just lip service,sports,football_nfl,0.00012817541,0,Mike Jones Highlights Seattle Seahawks' Victory Over 49ers,gpt-4o-mini,,0.0002074263320537284,0.0,4.846726417541504,4.861049175262451,4.693768501281738,4.134336471557617,4.886083126068115,4.767145156860352,4.681398868560791,0.9072016477584839,6.523934841156006
5,5_c1,1,42378,N7244,Listed starters for the Cyclones and Longhorns in their 2019 Big 12 Conference matchup at Jack Trice Stadium in Ames.,Depth charts: Projected starters for Iowa State vs. No. 23 Texas,sports,football_ncaa,0.00015676561,0,2019 Big 12 Matchup: Cyclones and Longhorns Starters Announced,gpt-4o-mini,,0.0001711478689685464,0.0,4.856017112731934,4.858909606933594,4.739477157592773,4.166825771331787,4.891592979431152,4.7942633628845215,4.700293064117432,0.7517253160476685,6.487131595611572
6,6_c1,1,63352,N1369,A local airman returned home to the Miami Valley on Friday and was greeted by dozens of family and friends.,Local Airman returns from 6 Months in Afghanistan,health,wellness,8.4165134e-05,0,Local Airman Returns Home to Miami Valley on Friday,gpt-4o-mini,,9.157508611679077e-05,0.0,4.85648775100708,4.871066093444824,4.7196125984191895,4.217826843261719,4.894885063171387,4.78509521484375,4.709031581878662,1.0259345769882202,6.599445819854736
7,7_c5,5,29280,N3913,"Students at Hartford's new Weaver campus are working to erase stark lines dividing the building's two school communities, the public school drawing students from the neighborhoods and the magnet arts school that mostly serves the suburbs. Working with staff and administrators, they're trying to counteract some of the unintended consequences of relocating and reorganizing three high schools ...","Hartford's Weaver forging a new identity at campus shared by public, magnet students",news,newsus,0.00013871084,0,Hartford's New Weaver Campus Seeks to Unite Public and Magnet Schools,gpt-4o-mini,,0.0001004473670036532,0.0,4.844133377075195,4.875020980834961,4.648863315582275,4.186761856079102,4.898916721343994,4.753777027130127,4.687183380126953,0.8721191883087158,6.504521369934082
8,8_c4,4,13158,N36369,"Considering that Domingue is slated to be an unrestricted free agent this summer, finding an opportunity to play regularly (even if it isn't necessarily at the NHL level to start with) would be ideal.",Louis Domingue changes agents amid attempt to play at NHL level again,sports,icehockey_nhl,7.8780766e-05,0,Unrestricted Free Agent Domingue Looks for Playing Opportunities This Summer,gpt-4o-mini,,0.0002049975300906226,0.0,4.7506608963012695,4.838176727294922,4.409623146057129,4.0191168785095215,4.8791093826293945,4.593914031982422,4.569916725158691,0.8348686695098877,6.327341556549072
9,9_c1,1,5749,N61058,A driver was fatally shot in St. Paul on Sunday night and police are searching for the person responsible.,Driver dies after being shot in St. Paul's Summit-U area,news,newsworld,7.788181e-05,0,Driver Fatally Shot in St. Paul on Sunday Night,gpt-4o-mini,,0.00010662867134669796,0.0,4.857670307159424,4.87380313873291,4.708133697509766,4.161913871765137,4.896139144897461,4.778246879577637,4.696336269378662,0.6108734011650085,6.423203468322754
10,10_c5,5,37719,N1117,The playoffs begin next week across Oklahoma. Here is a complete list of the first-round playoff pairings for each class. Class 6A-I Moore at Edmond Santa Fe Jenks at Mustang Norman at Owasso Tulsa Union at Broken Arrow Class 6A-II Sapulpa at Stillwater Choctaw at Muskogee Midwest City at Bixby Tulsa Washington at Del City Class 5A Woodward at Noble Tulsa Kelley at Collinsville Pryor ...,High school football: First-round playoff pairings,sports,basketball_ncaa,0.0001209557,0,Oklahoma Playoff Schedule: Class 6A and 5A First-Round Games Listed,gpt-4o-mini,,0.00014062767149880528,0.0,4.8507466316223145,4.859320640563965,4.6842265129089355,4.127304553985596,4.894742965698242,4.760314464569092,4.679922580718994,0.9413626194000244,6.535791873931885
11,11_c1,1,8696,N50539,"It's a decade where you'll meet multiple princesses, a new Queen, The King, Prince and the future King of Pop.",50+ Amazing Things That Happened in the '50s,lifestyle,lifestyledidyouknow,0.99997616,1,Decade Features Multiple Princesses and New Royal Figures,gpt-4o-mini,,0.007166676223278046,0.0,4.735304832458496,4.828090667724609,4.400381565093994,3.9739465713500977,4.858828544616699,4.567857265472412,4.548496246337891,0.8022089004516602,6.288637161254883
12,12_c5,5,41048,N38458,"When Monday's game against the Mavericks was tied at 86-86, one of the five Celtics on the floor wasn't even on an NBA roster last year. Now, that might not be surprising if the Celtics were floundering, but they're not. They're doing just the opposite. Now, there is an opportunity for others to contribute as a result of Gordon Hayward's injury. Even with that being the case, Javonte Green wasn't told by Brad Stevens he might see minutes in a...",Javonte Green didn't expect to play as much as he did vs. Mavericks,sports,basketball_nba,0.86899936,1,Brad Stevens Surprises with Javonte Green's Minutes Against Mavericks,gpt-4o-mini,,0.00012814681394957006,0.0,4.739653587341309,4.822673797607422,4.3898468017578125,3.8747737407684326,4.873677730560303,4.556811332702637,4.528479099273682,0.5226181745529175,6.166138172149658
13,13_c1,1,55398,N31239,Game wardens are investigating a fatal crash involving an all-terrain passenger vehicle in a small town west of Belfast. The wardens say the crash killed 30-year-old Rachel Curtis of Montville in her hometown on Sunday. They say Curtis was a passenger on an ATV that was traveling on a dirt road when it crashed before noon. The warden service says it is working with the district attorney's office to determine if the driver of the ATV will be...,Charges possible after woman dies in ATV crash,travel,travelnews,8.0252066e-05,0,"Game Wardens Investigate Fatal ATV Crash in Montville, West of Belfast",gpt-4o-mini,,7.294736133189872e-05,0.0,4.858942031860352,4.8682146072387695,4.717731475830078,4.180058002471924,4.900035858154297,4.795411586761475,4.703185558319092,1.0281450748443604,6.596718788146973
14,14_c2,2,5962,N6385,Critics say Procter & Gamble contributes to deforestation and should use recycled materials for paper products,Environmentalists' new target? Charmin toilet paper,finance,finance-companies,7.264649e-05,0,Critics Urge Procter & Gamble to Use Recycled Materials,gpt-4o-mini,,0.00013125127588864416,0.0,4.8372931480407715,4.871299743652344,4.676198959350586,4.147192001342773,4.890874862670898,4.758428573608398,4.680360794067383,0.9634686708450317,6.540204048156738
15,15_c1,1,52250,N35503,Plant officials told workers during early shifts less than 12 hours after a proposed tentative contract agreement was announced publicly.,"Ford-UAW deal includes closing Romeo Engine Plant, moving 600 jobs",news,newsus,6.76546e-05,0,Plant Officials Inform Workers of Tentative Contract Agreement Within 12 Hours,gpt-4o-mini,,7.327559433178976e-05,0.0,4.85452938079834,4.868721008300781,4.711663246154785,4.178804397583008,4.896418571472168,4.785274505615234,4.699441432952881,0.9509205222129822,6.560654163360596
16,16_c1,1,9698,N59081,": CELEBS AND KID PARTIESTampa Theatre is shaking up its annual Halloween film festival Nightmare on Franklin Street with two live shows. Catch the popular horror-comedy podcast The Last Podcast on the Left at 8 p.m. Friday. $34.50-$44.50. And Barry Bostwick, the star of The Rocky Horror Picture Show, will give a talk before a screening of the cult classic at 7 p.m. and midnight ...",Top things to do in Tampa Bay this weekend: Oct. 18-20,travel,travelarticle,0.9996277,1,Tampa Theatre Hosts Live Shows for Halloween Film Festival,gpt-4o-mini,,0.00010102679516421631,0.0,4.8596062660217285,4.871114730834961,4.688021183013916,4.146854400634766,4.898159027099609,4.781074523925781,4.690974235534668,0.9361756443977356,6.54563570022583
17,17_c2,2,14125,N37428,State officials including Republican Gov. Greg Abbott have targeted Austin's left-leaning policies toward homelessness as encampments have grown more prevalent in Texas' capital city.,"Homeless Become More Visible in Austin, Sparking Political Clash",news,newsus,8.295391e-05,0,Gov. Greg Abbott and State Officials Target Austin's Homelessness Approach,gpt-4o-mini,,0.00010479001502972096,0.0,4.8557047843933105,4.869746208190918,4.705282688140869,4.1903486251831055,4.8944196701049805,4.787336349487305,4.701146602630615,0.9767146110534668,6.570993423461914
18,18_c1,1,64779,N9321,"President Donald Trump was at Walter Reed National Medical Center on Saturday for what the White House said were medical tests as part of his annual physical. The appointment wasn't on his weekend public schedule that was released Friday night, and his last physical was in February. Press secretary Stephanie Grisham said the 73-year-old Trump was ``anticipating a very busy 2020'' and wanted to take advantage of ``a free...",White House: Trump having tests as part of medical checkup,news,newspolitics,0.000117346244,0,Trump Undergoes Medical Tests at Walter Reed National Medical Center,gpt-4o-mini,,7.875612209318206e-05,0.0,4.852108955383301,4.877983093261719,4.66425085067749,4.096752166748047,4.90810489654541,4.7475810050964355,4.674686908721924,0.4039761424064636,6.315572738647461
19,19_c1,1,18162,N1836,"In a small study, researchers found that exercising before breakfast led to more fat loss, but not weight loss, than eating beforehand.","The best time to exercise is before breakfast, a new study says",health,fitness,0.0006069636,0,Study Finds Morning Exercise Increases Fat Loss Without Weight Loss,gpt-4o-mini,,0.00011503337736940011,0.0,4.809192180633545,4.840925216674805,4.532962799072266,4.068141460418701,4.875554084777832,4.682315826416016,4.621574401855469,0.8651736974716187,6.418417930603027
20,20_c4,4,50785,N2830,"The Cincinnati Bengals lost running back Giovani Bernard to a knee injury during the team's Week 10 game against the Baltimore Ravens. Bernard went to the blue tent in the second quarter and the team quickly ruled him out. They then revised it to a doubtful tag before he unexpectedly made his return in the second half. At the time of the injury, the Ravens had a 28-3 lead and Bernard had turned two carries into 10 yards while serving as the...","Giovani Bernard suffers knee injury vs. Ravens, eventually returns",sports,football_nfl,9.860407e-05,0,Giovani Bernard's Knee Injury Highlights Bengals' Struggles Against Ravens in Week 10,gpt-4o-mini,,0.000542212335858494,0.0,4.86048698425293,4.8647871017456055,4.725440979003906,4.1659088134765625,4.889834403991699,4.794035911560059,4.699716567993164,0.726980984210968,6.4753031730651855
21,21_c5,5,35371,N10963,"In April of this year student activists called for acknowledgment of inaction regarding racism in Worcester's schools. Last month, Worcester voters took to the polls with their selections for the district's new School Committee. The vote reveals that student activists' calls for change have fallen upon deaf ears. With only one person of color elected, Worcester's schools will continue to be ...","As I See It: What Worcester's election means for school discipline, representation",lifestyle,lifestylesmartliving,0.0012295775,0,Worcester's School Committee Vote Reflects Continued Inaction on Racism,gpt-4o-mini,,0.00010157819633604959,0.0,4.839698314666748,4.8789777755737305,4.602386474609375,4.084905624389648,4.901129722595215,4.721030235290527,4.656383037567139,0.9733427166938782,6.513576507568359
22,22_c5,5,57581,N1235,"South Jersey, Group 3 2-Ocean City at 1-Clearview How they got here: Ocean City and Clearivew seem to meet in the sectional final every season, and it's no shock to see both programs back with the years they've both put together. Ocean City continued its impressive play from a year ago, earning wins against Haddonfield and Bishop Eustace to prove itself as one of the state's best. The Red ...","South Jersey, Group 3 final preview: Ocean City at Clearview",news,newsus,9.059603e-05,0,Rival Programs Ocean City and Clearview Compete in Sectional Final,gpt-4o-mini,,0.00013894037692807615,0.0,4.7283034324646,4.810351371765137,4.441210746765137,3.966928005218506,4.851578712463379,4.5587053298950195,4.5468034744262695,0.6535935997962952,6.236879348754883
23,23_c3,3,57269,N30815,"Buy Microsoft on weakness to its semiannual value level at $131.71, or buy at Friday's close if the stock is above $138.17, the key weekly moving average. The target is its quarterly risky level at $152.47.",How to Trade Microsoft on Solid Earnings but No New Intraday High,finance,finance-top-stocks,0.00017857362,0,Analysts suggest buying Microsoft near $131.71 or above $138.17,gpt-4o-mini,,7.450946577591822e-05,0.0,4.70976448059082,4.802753448486328,4.337813377380371,3.9691147804260254,4.864624500274658,4.521855354309082,4.524228572845459,0.7789149284362793,6.243104457855225
24,24_c2,2,14089,N38287,WATERBURY A tractor-trailer found itself stuck under a railroad bridge Monday morning. Police said the truck wedge itself under the bridge at West Main Street and Sperry Street. There were some delays in the area while they worked to remove the truck. It's unknown at this time if there was any structural damage to the bridge. Traffic Accident Tractor Trailer stuck under R&R bridge West ...,Tractor-trailer wedges itself under Waterbury bridge Monday morning,news,newsscienceandtechnology,0.00012932549,0,Waterbury Police Respond to Stuck Tractor-Trailer on West Main Street,gpt-4o-mini,,0.0001197922756546177,0.0,4.835470199584961,4.856828689575195,4.6220502853393555,4.080597877502441,4.891541957855225,4.718465805053711,4.652397155761719,0.9321202039718628,6.495253562927246
25,25_c1,1,48322,N38883,Adam's Corner and Fisher House provide military families resources such as housing and child care.,Adam's Corner celebrates the bravery of our Armed Forces and bring joy to children | Opinion,lifestyle,lifestylefamily,0.9999305,1,Adam's Corner and Fisher House Support Military Families with Housing and Child Care,gpt-4o-mini,,0.0001603102427907288,0.0,4.847809791564941,4.866534233093262,4.723720550537109,4.211540222167969,4.89141845703125,4.789942264556885,4.705505847930908,1.124138355255127,6.634243011474609
26,26_c1,1,57983,N30812,"A Sacramento man has opened his doors to a Healdsburg couple and their 18 dogs, 11 of which are five-week-old puppies.",Sacramento Man Takes Wildfire Evacuees And Their 18 Dogs,news,newsus,0.00017466306,0,Sacramento Man Welcomes Healdsburg Couple and Their 18 Dogs,gpt-4o-mini,,0.00037482602056115866,0.0,4.855950355529785,4.871005058288574,4.711763381958008,4.16415548324585,4.8955864906311035,4.7750468254089355,4.6960768699646,0.9172500371932983,6.545483589172363
27,27_c5,5,56246,N25711,Check out photos from the Monster Energy NASCAR Cup Series and NASCAR Xfinity Series playoff weekend at Kansas Speedway.,At-track photos: 2019 Kansas playoff weekend,sports,racing,0.00013012212,0,Kansas Speedway Hosts Thrilling NASCAR Cup and Xfinity Series Playoff Weekend,gpt-4o-mini,,7.097634806996211e-05,0.0,4.854326248168945,4.862022399902344,4.726359844207764,4.1317458152771,4.895485877990723,4.791590690612793,4.691669940948486,0.8918717503547668,6.5345869064331055
28,28_c3,3,57327,N42193,"Frank Vogel is aware of the great situation he's in with the Lakers, and he wants to make the best of it.","Frank Vogel says Lakers are 'coolest organization in the NBA,' calls coaching LeBron James and rest of team 'opportunity of a lifetime'",sports,basketball_nba,0.000109991655,0,Frank Vogel Aims to Optimize Lakers' Current Situation,gpt-4o-mini,,9.16875505936332e-05,0.0,4.657732963562012,4.782383918762207,4.2352118492126465,3.9491682052612305,4.807292938232422,4.461508750915527,4.474151134490967,0.36441415548324585,6.002335071563721
29,29_c3,3,33071,N58911,"PROVIDENCE -- Rhode Island's seasonally adjusted unemployment rage for October was 3.6 percent, the same as September, the state Department of Labor and Training announced Thursday The number of unemployed Rhode Island residents -- those residents classified as available for and actively seeking employment -- was 19,900, down 100 from September, the DLT said. The number of employed Rhode ...","R.I. unemployment rate stays at 3.6%, same as U.S.",finance,finance-real-estate,7.121255e-05,0,October Unemployment in Rhode Island Remains at 3.6 Percent,gpt-4o-mini,,7.164118869695812e-05,0.0,4.849164962768555,4.873972415924072,4.657899856567383,4.176096439361572,4.902654647827148,4.753767490386963,4.688066482543945,0.8815500736236572,6.512429237365723
30,30_c4,4,30561,N28526,Curious just how far your dollar goes in Pleasant Valley? Here's what you can get in neighborhood apartment rentals for $900/month.,What apartments will $900 rent you in Pleasant Valley right now?,finance,finance-real-estate,0.00046313636,0,Pleasant Valley: Apartment Rentals Available for $900 per Month,gpt-4o-mini,,0.00013602845137938857,0.0,4.847983360290527,4.876481056213379,4.679107666015625,4.176194190979004,4.9033403396606445,4.747148513793945,4.690788745880127,0.6599597334861755,6.430275917053223
31,31_c1,1,51318,N61396,"Duane Roots' 1,500hp 6.2L Hemi Charger Hellcat runs on E90 and nitrous, with a huge helping of boost (18 psi) from a 4.5L Whipple blower.","Horsepower! The 1,500hp Hellcat King",autos,autosenthusiasts,0.9994406,1,"Duane Roots' 1,500hp Charger Hellcat Features E90 and Nitrous Setup",gpt-4o-mini,,0.0002322694635950029,0.0,4.853147506713867,4.87104606628418,4.693707466125488,4.18463134765625,4.893841743469238,4.770477294921875,4.69605016708374,1.149881362915039,6.633609771728516
32,32_c1,1,51949,N49742,Interstate 70 has reopened near Hoke Road after a rollover crash left all westbound lanes closed around 1 a.m.,I-70 westbound reopened after single-car rollover crash,autos,autosnews,9.5597425e-05,0,Interstate 70 Reopens Near Hoke Road After Rollover Crash,gpt-4o-mini,,6.63521423120983e-05,0.0,4.857688903808594,4.866648197174072,4.730032444000244,4.185266494750977,4.891937255859375,4.800507545471191,4.704819202423096,0.8166387677192688,6.515197277069092
33,33_c1,1,26390,N53703,"State Highway Patrol troopers tried to stop a vehicle after it went left of center around 2:19 a.m. on Park Road near state Route 49, according to a release from Wapakoneta Ohio State Highway Patrol.","Troopers attempt to stop impaired driver, ends with vehicle into tree",autos,autosnews,0.00016354157,0,Troopers Attempt to Stop Vehicle on Park Road in Wapakoneta,gpt-4o-mini,,0.00010063816444016993,0.0,4.85842227935791,4.873500823974609,4.71022891998291,4.124709129333496,4.896265983581543,4.77448034286499,4.688994884490967,0.862206220626831,6.519639015197754
34,34_c2,2,57623,N63813,"With the Miami Dolphins rebuilding and holding three 2020 first-round picks in the NFL draft, it is never too early to watch some of the top prospects across the college landscape. Week 11 of the college football season offers a few great opportunities to view some of these players in action against some of the best teams in the nation. Here's a look at a few top players you can watch in South ...",Do some couch scouting for Dolphins draft: Here are top prospects to watch this weekend,sports,football_ncaa,0.99962175,1,Week 11 College Football Highlights Key Prospects for Miami Dolphins,gpt-4o-mini,,0.001100432244129479,0.0,4.855795860290527,4.86519718170166,4.726299285888672,4.185754299163818,4.895898818969727,4.797830581665039,4.7039923667907715,0.8375455141067505,6.521089553833008
35,35_c4,4,3199,N20207,"HOUSTON The Astros have a reputation for being good at stealing signs and picking up on opposing pitchers' small tells, especially at Minute Maid Park. The Yankees know all too well what the Astros are capable of. In April, James Paxton got hit hard, allowing five earned runs on eight hits in just four innings work here. After that, the Yankees left-hander, who will start Game 2 for the Yankees Sunday night, said he was told he was tipping...","James Paxton, Yankees know Astros can and will pick up on pitching signs",sports,baseball_mlb,0.00011176088,0,Astros' Reputation for Picking Up Pitchers' Tells Noted by Yankees,gpt-4o-mini,,8.693047129781917e-05,0.0,4.830578804016113,4.862954139709473,4.603097915649414,4.02390193939209,4.897893905639648,4.714043617248535,4.638421535491943,0.7954494953155518,6.426578521728516
36,36_c1,1,8288,N11059,Intentionally infecting healthy people with the virus will enable scientists to better understand the progression of the illness.,Spreading the flu is putting researchers one step closer to a universal vaccine,health,health-news,0.0003197494,0,Scientists Intentionally Infect Healthy Volunteers to Study Illness Progression,gpt-4o-mini,,0.00044863816583529115,0.0,4.841465473175049,4.875488758087158,4.625675201416016,4.167975425720215,4.897270202636719,4.743803977966309,4.678107261657715,1.0320279598236084,6.556347846984863
37,37_c1,1,8558,N37303,"You won't believe these wedding gowns are made from only Quilted Northern toilet paper, tape, glue, and a needle and thread.",These 12 exquisite wedding dresses are made from toilet paper,lifestyle,lifestyleweddings,0.9999778,1,Wedding Gowns Crafted from Quilted Northern Toilet Paper and Basic Supplies,gpt-4o-mini,,0.9980518817901611,1.0,4.834882736206055,4.869922161102295,4.6260905265808105,4.191195964813232,4.890960693359375,4.732410430908203,4.67824649810791,0.8411730527877808,5.978715419769287
38,38_c1,1,58478,N48489,"The second round of the playoffs are up next, but there's still one more thing to settle when it comes to last week's postseason openers. Who was the Grand Rapids area's top player? It's not an easy question because there were plenty of good choices. Check out the candidates below and vote for your favorite. Votes as many times as you want through 9 a.m. Friday. Just remember to have fun with ...",Vote for Grand Rapids Player of the Week 10,sports,more_sports,0.0038797266,0,Vote for Grand Rapids Area's Top Player from Playoff Openers,gpt-4o-mini,,0.00010793607361847535,0.0,4.670876502990723,4.809473991394043,4.15711784362793,3.806699514389038,4.847426414489746,4.363513946533203,4.4375128746032715,0.5025573968887329,6.023793697357178
39,39_c1,1,12305,N36484,A Hawaii man has fulfilled a dream shared by shore fishermen throughout the islands with the catch of an ulua weighing 100 pounds or more.,Hawaii angler lands rare giant ulua,sports,outdoors,0.00011624023,0,"Hawaii Man Catches 100-Pound Ulua, Fulfilling Fishermen's Dream",gpt-4o-mini,,0.00010462795034982264,0.0,4.853797435760498,4.866041660308838,4.736701488494873,4.229518890380859,4.885246276855469,4.79554557800293,4.712106227874756,0.9967942833900452,6.59207820892334
40,40_c2,2,60896,N37691,"UPDATE @ 12:16 a.m. (Oct. 25): The state patrol is working to determine who went left of center in the head-on collision along U.S. 127 south of Camden that left one dead and two others with serious, non-life threatening injuries, said Sgt. Dallas Root, Dayton Post.","1 dead, 2 injured in U.S. 127 head-on collision near Camden, state patrol says",autos,autosnews,8.773243e-05,0,State Patrol Investigates Fatal Head-On Crash South of Camden,gpt-4o-mini,,6.46883636363782e-05,0.0,4.838262557983398,4.863073348999023,4.597784996032715,4.0406107902526855,4.895786285400391,4.703982353210449,4.64158296585083,0.3819475769996643,6.264225959777832
41,41_c1,1,13702,N48354,"Losing Game 5 of the National League Division Series was crushing, but losing the tomahawk chop as well would be too much for Kevin Mooneyhan.","Online petition to keep divisive Braves tomahawk chop nears 60,000",finance,financenews,8.491244e-05,0,Kevin Mooneyhan Reacts to Loss in National League Division Series Game 5,gpt-4o-mini,,9.552353003527969e-05,0.0,4.587032318115234,4.670814514160156,4.15772819519043,3.7419097423553467,4.746455192565918,4.338626861572266,4.365252494812012,0.651330828666687,5.995152950286865
42,42_c3,3,36881,N54282,Fort Collins is celebrating the 20th anniversary of the city's climate action efforts with a free event at the Lincoln Center.,"Fort Collins, CSU hosting event to celebrate 20 years of climate action",weather,weathertopstories,8.906224e-05,0,Lincoln Center Hosts Free Event for Fort Collins' Climate Action Anniversary,gpt-4o-mini,,8.272703416878358e-05,0.0,4.860699653625488,4.86345100402832,4.7266764640808105,4.175972938537598,4.895804405212402,4.790964126586914,4.702355861663818,1.0274152755737305,6.597829341888428
43,43_c1,1,14091,N39969,"President Donald Trump on Monday equated the case of a hate crime allegation made by actor Jussie Smollett to the current impeachment process being imposed by Congress, calling both a ""scam.""",Trump equates the Smollett case to impeachment inquiry,news,newspolitics,0.00013501775,0,Trump Labels Jussie Smollett Hate Crime Allegation a 'Scam' Amid Impeachment Process,gpt-4o-mini,,0.00015891918155830353,0.0,4.835508346557617,4.864677429199219,4.633733749389648,4.082958221435547,4.892346382141113,4.719671249389648,4.656049728393555,0.8678388595581055,6.475355625152588
44,44_c1,1,688,N31254,"If you're apartment hunting, you know how hard it can be to find a bargain nearby. So what does the low-end rental price in Zilker look like these days?","The most affordable apartments for rent in Zilker, Austin",finance,finance-real-estate,0.058436096,0,Current Low-End Rental Prices in Zilker for Apartment Hunters,gpt-4o-mini,,0.00011578755220398307,0.0,4.765143871307373,4.847040176391602,4.398681163787842,4.0077362060546875,4.8865814208984375,4.594093322753906,4.57208776473999,0.4329509139060974,6.170884609222412
45,45_c1,1,12679,N41926,"Often marketed as a natural solution to aches and pains, CBD can now be found in food, drinks, and even skincare products.",8 Questions to Ask Yourself Before Using CBD,health,wellness,0.9999633,1,"CBD Gains Popularity in Food, Drinks, and Skincare Products",gpt-4o-mini,,8.050378528423607e-05,0.0,4.761691570281982,4.827305793762207,4.40980339050293,4.034085273742676,4.8533124923706055,4.619293212890625,4.572732448577881,0.9429394006729126,6.373831272125244
46,46_c2,2,30935,N36043,"Eat the Frog Fitness and MOOYAH Burgers, Fries & Shakes are headed for Hill Center Brentwood.",2 more business openings on tap at Hill Center Brentwood,foodanddrink,newstrends,0.000101162725,0,Eat the Frog Fitness Joins MOOYAH at Hill Center Brentwood,gpt-4o-mini,,0.00042797907372005284,0.0,4.8441386222839355,4.864919185638428,4.687994480133057,4.196460723876953,4.889586448669434,4.758981704711914,4.692600250244141,1.0170958042144775,6.573484897613525
47,47_c1,1,61208,N33158,"LEBANON, Pa. -There's an unrepaired sinkhole in a Lebanon neighborhood and it's causing more problems than one. The location of it has people playing the blame game and now it's all falling back on one person. The hole on Elm Street is causing a whole lot of problems for Debbie Carpenter of Lebanon. ""I'm very stressed,"" Carpenter said. ""I'm very upset about this whole thing. I just want it to ...","City, resident at odds over sinkhole repair in Lebanon",news,newsus,6.3600986e-05,0,Unrepaired Sinkhole on Elm Street Causes Distress for Lebanon Resident,gpt-4o-mini,,8.043801062740386e-05,0.0,4.841764450073242,4.876801490783691,4.624320030212402,4.112068176269531,4.900354385375977,4.726781845092773,4.665754318237305,0.9208370447158813,6.504033088684082
48,48_c2,2,11581,N51345,"A fading piece of Americana, bobwhite quail are iconic in Texas. The tradition of hunting them with friends and family is a social experience that can be second to none. ""Once people do it and experience it, it's something they'll never forget. The first flush of wild quail, how your heart jumps in your throat you feel like you're about to have a heart attack,"" said Robert Perez, upland game bird program leader for the Texas Parks and Wildlife...",Texas quail rebounding after a dismal 2018,travel,traveltripideas,0.00018981566,0,Texas Parks and Wildlife Highlights Iconic Bobwhite Quail Hunting,gpt-4o-mini,,0.0011793548474088311,0.0,4.816560745239258,4.862269401550293,4.586062431335449,4.083739280700684,4.892602920532227,4.692497253417969,4.64127779006958,0.7109113931655884,6.385859489440918
49,49_c1,1,31808,N54566,"Most machines you find at the gym are engineered to train specific muscles, but what if you only have 20, 30 minutes?",You Asked: What's the Most Effective Machine to Use at the Gym?,health,fitness,0.9998586,1,Maximize Your Gym Time: Efficient Workouts in 20 to 30 Minutes,gpt-4o-mini,,0.0016713206423446536,0.0,4.318656921386719,4.6048784255981445,3.561412811279297,3.74731707572937,4.671002388000488,4.011354446411133,4.155857086181641,0.24211490154266357,5.471529006958008
50,50_c5,5,28111,N9557,Vice officers stormed the building in connection with a Design District massage parlor that was also raided,Critically Acclaimed Southlake Restaurant Raided By Police,foodanddrink,newstrends,0.00013959281,0,Vice Officers Storm Building Linked to Design District Massage Parlor Raid,gpt-4o-mini,,9.254530596081167e-05,0.0,4.853512287139893,4.860483646392822,4.718932151794434,4.145983695983887,4.889420509338379,4.7844133377075195,4.691341400146484,1.0465528964996338,6.593959331512451
51,51_c1,1,21363,N48983,"Canada's ruling Liberals took an early lead after polls closed in four provinces on Monday, as Prime Minister Justin Trudeau battled to remain in power after two major scandals and a spirited challenge by the opposition Conservatives.",Trudeau's Liberals take early lead after first Canadian polls close,news,newsworld,7.451728e-05,0,Liberals Lead in Early Polls After Close of Voting in Four Provinces,gpt-4o-mini,,8.735885057831183e-05,0.0,4.7988691329956055,4.843755722045898,4.504205703735352,4.006443977355957,4.88214111328125,4.64139461517334,4.599660873413086,0.6925686597824097,6.326074123382568
52,52_c1,1,55721,N61577,"We simply can't allow massive rent increases and unjust evictions to happen anymore, councilmember says","To help renters, LA moving to ban 'no fault' evictions",finance,finance-real-estate,0.00011664184,0,Councilmember Opposes Massive Rent Increases and Unjust Evictions,gpt-4o-mini,,9.328388114226982e-05,0.0,4.831483840942383,4.882106781005859,4.637551784515381,4.167440414428711,4.902402400970459,4.744908332824707,4.679158687591553,0.8605359792709351,6.489206314086914
53,53_c1,1,27278,N52246,"Chinese conglomerate Fosun has snapped up the Thomas Cook brand for 11 million ($14.2 million), weeks after the renowned British travel group went bust and left hundreds of thousands of holidaymakers stranded abroad.",Fosun buys Thomas Cook brand for 11 million,finance,finance-companies,7.841044e-05,0,Fosun Acquires Thomas Cook Brand for $14.2 Million,gpt-4o-mini,,8.028505544643849e-05,0.0,4.831844329833984,4.86284065246582,4.628911018371582,4.147379398345947,4.890467643737793,4.735625743865967,4.668332576751709,0.5918752551078796,6.370584487915039
54,54_c3,3,12410,N34177,Browse listings of dogs up for adoption at pet adoption centers in and around Seattle.,5 delightful doggies to adopt now in Seattle,news,newsus,0.99996114,1,Seattle Pet Adoption Centers List Dogs Ready for New Homes,gpt-4o-mini,,0.00010236718662781641,0.0,4.8516998291015625,4.872697353363037,4.7108154296875,4.160627365112305,4.90048885345459,4.783113956451416,4.695961952209473,0.7404237985610962,6.473680019378662
55,55_c1,1,19581,N62935,"As with other jobs in the health care sector, becoming a dentist is a long, costly, and demanding endeavor.",The Best and Worst States to Be a Dentist,health,medical,0.9989392,1,Becoming a Dentist: A Long and Costly Journey in Health Care,gpt-4o-mini,,0.00024339363153558224,0.0,3.9889533519744873,4.455644607543945,3.2658653259277344,3.4982669353485107,4.51624870300293,3.6676716804504395,3.899322748184204,0.5540574789047241,5.2470173835754395
56,56_c1,1,49179,N62590,"A Gilroy mother suspected of drowning her 2-year-old daughter told a dispatcher she ""just snapped"" as her child gave her ""a hard time,"" according to a court document.",Gilroy mom suspected of killing 2-year-old daughter allegedly told dispatcher she 'just snapped',news,newscrime,0.5543773,1,Gilroy Mother Claims She 'Just Snapped' Before Drowning Daughter,gpt-4o-mini,,0.00022590499429497868,0.0,4.793339729309082,4.846999645233154,4.507699966430664,3.96252179145813,4.875863075256348,4.642108917236328,4.589634418487549,0.6955521702766418,6.319971561431885
57,57_c1,1,23740,N41233,Rep. Debbie Wasserman Schultz (D-Fla.) said she stands by her remarks from earlier this week in which she called acting U.S. Citizenship and Immigration Services (USCIS) Director Ken Cuccinelli a white supremacist.,Debbie Wasserman Schultz defends calling Ken Cuccinelli a white supremacist,news,newspolitics,0.007291922,0,Rep. Debbie Wasserman Schultz Defends Remarks on USCIS Director Ken Cuccinelli,gpt-4o-mini,,0.0001040302449837327,0.0,4.854569435119629,4.86836576461792,4.706700325012207,4.1179609298706055,4.894595146179199,4.768570423126221,4.684540748596191,0.7849535942077637,6.483356475830078
58,58_c5,5,1165,N41526,"Save time without sacrificing cleanliness at home with these mighty cleaning products. No stain, scum, or smell can handle the battle against them. As an added bonus, many of the products on the list are free of harsh chemicals and scents.",11 Powerful Products That Cut Your Cleaning Time in Half,lifestyle,lifestylecleaningandorganizing,0.99997556,1,"Mighty Cleaning Products That Eliminate Stains, Scum, and Odors Safely",gpt-4o-mini,,0.01818336732685566,0.0,4.486551761627197,4.688868522644043,3.8563098907470703,3.7584803104400635,4.734235763549805,4.19564151763916,4.284810543060303,0.8662879467010498,5.92320442199707
59,59_c3,3,56149,N34019,"The name of the patient has not been released, and there's no clear answer as to how this tragedy happened, but here's a breakdown of what we do know.",Patient dies in ER at WellSpan York Hospital what we know now,health,medical,0.000167963,0,Investigation Continues into Unexplained Patient Tragedy Without Name Release,gpt-4o-mini,,9.797730308491737e-05,0.0,3.9297828674316406,4.321871757507324,3.176046371459961,3.399686098098755,4.449089527130127,3.65975284576416,3.8204095363616943,0.45276159048080444,5.102311611175537
60,60_c1,1,18192,N45306,"At first, teachers at Sky Valley Education Center simply evacuated students and used fans to clear the air when the fluorescent lights caught fire or smoked with noxious fumes.","Toxic PCBs linger in schools; EPA, lawmakers fail to act",news,newsus,9.0061294e-05,0,Sky Valley Education Center Teachers Evacuate Students After Light Fire,gpt-4o-mini,,8.810147846816108e-05,0.0,4.853175640106201,4.869503974914551,4.700393199920654,4.172529220581055,4.893930912017822,4.766453742980957,4.694019317626953,1.1075184345245361,6.616799354553223
61,61_c4,4,39254,N34443,"In the land of sourdough, heavy loaves of dense Tartine Bakery bread and naturally fermented everything, milk bread might seem like a surprising choice for San Francisco chefs. But they love it. ""I think white bread is kind of taboo in the Bay Area food scene,"" said Anthony Strong, chef-owner of Prairie in the Mission. ""I feel a little guilty eating it sometimes. This isn't some sort of heirloom flour that was milled down the street."" Japanese...",San Francisco chefs find nostalgia in Japanese milk bread,foodanddrink,newstrends,0.0007083035,0,Anthony Strong Discusses Milk Bread's Appeal in Bay Area Food Scene,gpt-4o-mini,,0.0021975815761834383,0.0,4.510369300842285,4.72928524017334,4.014629364013672,3.688300609588623,4.769648551940918,4.228551387786865,4.315141677856445,0.7360652685165405,5.9468994140625
62,62_c1,1,8229,N60446,"After Dr. Ulrich Klopfer died in September his family found 2,246 preserved fetuses at his home in Illinois. Authorities have now found more.",More fetal remains connected to dead abortion doctor found in Illinois,news,newscrime,0.00010551436,0,"Dr. Ulrich Klopfer's Family Discovers 2,246 Preserved Fetuses in Illinois Home",gpt-4o-mini,,0.00016707743634469807,0.0,4.8580732345581055,4.869218826293945,4.726613998413086,4.165094375610352,4.891250133514404,4.792978286743164,4.699897289276123,1.0468146800994873,6.603581428527832
63,63_c3,3,20001,N59327,Dust off your grandma's cookbook and make one of these vintage Christmas desserts for your holiday feast. The post 30 Vintage Christmas Desserts Inspired by Grandma appeared first on Taste of Home.,30 Vintage Christmas Desserts Inspired by Grandma,foodanddrink,recipes,0.9999771,1,Taste of Home Features 30 Vintage Desserts for Christmas Celebrations,gpt-4o-mini,,0.9999308586120605,1.0,4.853793144226074,4.87336540222168,4.693017959594727,4.2188310623168945,4.900529861450195,4.777890205383301,4.705040454864502,1.0644794702529907,6.105918884277344
64,64_c1,1,8097,N22702,"A school in south Seattle had to cancel some classes after someone allegedly set fire to one of their buildings. St. Bernadette Catholic School on SW 128th Street in White Center released a statement Thursday, saying a fire caused major damage to their primary building, which houses the pre-school to third-grade classrooms. It happened overnight Wednesday into Thursday morning. School leaders said cleaners are working around the clock and...",Fire damages St. Bernadette Catholic School in south Seattle,lifestyle,lifestylebuzz,8.314723e-05,0,St. Bernadette Catholic School Cancels Classes After Fire Incident,gpt-4o-mini,,0.00010566889977781102,0.0,4.8081374168396,4.845280647277832,4.592037200927734,4.066559314727783,4.875879764556885,4.692060947418213,4.631531715393066,0.9344340562820435,6.466166019439697
65,65_c1,1,35802,N6418,"Every year, volunteers bring holiday cheer to seniors in long-term care facilities as part of the Brevard County TRIAD's Senior Santa program.",Senior Santa a great way to help area's elderly,travel,travelarticle,0.86702895,1,Brevard County TRIAD's Senior Santa Program Delivers Holiday Cheer to Seniors,gpt-4o-mini,,0.0001814317802200094,0.0,4.855780601501465,4.864870071411133,4.7276811599731445,4.212998867034912,4.892645835876465,4.79215145111084,4.708539962768555,1.1394612789154053,6.645442962646484
66,66_c3,3,56157,N18679,"Penn State junior Megan McNeely was just headed to class, when she heard a voice in the distance. ""Michigan State?! Why are you wearing that?"" That was from football coach James Franklin, who while walking across campus spotted McNeely wearing a T-shirt supporting the Spartans. (McNeely has family that went to MSU.) So Franklin's rectified McNeeley's wardrobe choice ... by giving her his Penn ...",Penn State's James Franklin gives student in Michigan State shirt his instead,sports,basketball_ncaa,0.00024723596,0,Penn State Coach James Franklin Responds to Student's Spartans T-Shirt,gpt-4o-mini,,0.0005359496572054923,0.0,4.842728614807129,4.867649555206299,4.623507499694824,4.029486656188965,4.89943790435791,4.713742256164551,4.646543025970459,0.7442920804023743,6.419875144958496
67,67_c1,1,44445,N55459,"Kansas coach Les Miles says he's ready for the reunion. Miles, who has guided the Jayhawks to a 3-6 record, will return to a previous stop this weekend: Stillwater, where KU will play at Oklahoma State on Saturday. ""I think I will enjoy walking in that stadium,"" Miles said, ""more than anybody else."" Miles recalls his days as Oklahoma State coach fondly. He was there from 2001-04, ...","KU Jayhawks football vs. Oklahoma State Cowboys: Kickoff time, TV, 5 things to know",sports,football_ncaa,0.9889338,1,Les Miles Prepares for Reunion with Oklahoma State This Weekend,gpt-4o-mini,,0.0003462173044681549,0.0,4.851668357849121,4.866082668304443,4.712061882019043,4.1576690673828125,4.896229267120361,4.784485340118408,4.694055557250977,0.8035350441932678,6.497054576873779
68,68_c3,3,29077,N28549,"A few of Kentucky's representatives had something to say after the vote, and Majority Leader Mitch McConnell had strong words in the Senate",How Kentucky's House delegation voted on the Trump impeachment inquiry rules,news,newspolitics,0.001457816,0,Majority Leader Mitch McConnell Addresses Senate After Vote,gpt-4o-mini,,6.885643961140886e-05,0.0,4.7081098556518555,4.796335220336914,4.389021873474121,3.8238089084625244,4.849633693695068,4.539019584655762,4.500939846038818,0.6292490363121033,6.178156852722168
69,69_c4,4,1977,N37841,These gentle giants are not only adorable they're also fascinating. Here are a few surprising facts about perhaps the sweetest sea creatures. The post 13 Things You Never Knew About Manatees appeared first on Reader's Digest.,13 Things You Never Knew About Manatees,lifestyle,causes-animals,0.9999789,1,Manatees: 13 Intriguing Facts About These Gentle Sea Giants,gpt-4o-mini,,0.999974250793457,1.0,4.8404340744018555,4.8741960525512695,4.637960433959961,4.156792163848877,4.899837017059326,4.738471031188965,4.677113056182861,0.7183903455734253,5.932934284210205
70,70_c3,3,4989,N30211,"Rafael Nadal pulled out of the Paris Masters with an abdominal injury just minutes before the scheduled start of his semi-final against Denis Shapovalov on Saturday, and admitted his participation at the ATP Tour Finals was in doubt. The 33-year-old has battled multiple injuries throughout his career and also pulled out of the Paris Masters on his last appearance in 2017 before the quarter-finals.","'Super sad' Nadal out of Paris Masters, doubt for ATP Finals",sports,tennis,7.290131e-05,0,Rafael Nadal Pulls Out of Paris Masters with Abdominal Injury,gpt-4o-mini,,0.0001162284825113602,0.0,4.850675582885742,4.864719390869141,4.665917873382568,4.1438984870910645,4.890784740447998,4.762653350830078,4.680927276611328,0.9154995679855347,6.522324085235596
71,71_c4,4,5356,N33680,"A nearly 8,000 square-foot mansion in Scottsdale with a finished basement was among this week's priciest homes sold in metro Phoenix.","A Scottsdale mansion with a rooftop view deck, home theater sells for $2.65M",finance,finance-real-estate,0.0001175115,0,"Luxury Scottsdale Mansion Sold: 8,000 Square Feet, Finished Basement Included",gpt-4o-mini,,7.986424316186458e-05,0.0,4.828408241271973,4.856326103210449,4.647048473358154,4.149468898773193,4.885800361633301,4.7391133308410645,4.669283390045166,0.825835108757019,6.467121124267578
72,72_c3,3,3102,N62853,Connor Murphy posted a video to his YouTube channel in 2016 that highlights the ways people can manipulate their appearance for photos.,A bodybuilder showed how fitness influencers can make their bodies look Instagram-perfect in before-and-after photos,health,fitness,0.9999678,1,YouTube's Connor Murphy Highlights Photo Manipulation in 2016 Video,gpt-4o-mini,,0.15357734262943268,0.0,4.858937740325928,4.861617565155029,4.726996898651123,4.182380199432373,4.88754940032959,4.787424087524414,4.701377868652344,1.0800275802612305,6.5406012535095215
73,73_c1,1,5858,N64387,"If you love Halloween, this spooky wedding shoot is a great way to get a little dark inspiration for your big day.","This Halloween Corn Maze Wedding Is Dark, Sophisticated, and Bone-Chillingly Beautiful",lifestyle,lifestyleweddings,0.9999722,1,Halloween-Inspired Wedding Shoot Offers Dark Inspiration for Couples,gpt-4o-mini,,0.9999192953109741,1.0,4.821200370788574,4.859633445739746,4.6396074295043945,4.178564071655273,4.889535903930664,4.745614528656006,4.673891067504883,0.6995027661323547,5.916306495666504
74,74_c3,3,64312,N60130,"3 ON YOUR SIDE (3TV) - The 3 On Your Side Team gets a lot of emails from viewers wondering if certain phone calls are legit or scams. So, we want to share some of those calls with you, so you know what to look out for. [WATCH: 3 On Your Side warns about scam phone calls] First up, there's one call we've been getting a lot of questions about regarding the Social Security Administration. Here's a sample. ""This call is from the Department of Social...",Don't be duped by 'phony' phone calls,news,newsus,0.99992406,1,3 On Your Side Warns Viewers About Social Security Phone Scams,gpt-4o-mini,,0.05920029804110527,0.0,4.65719747543335,4.77577018737793,4.202223777770996,3.7665321826934814,4.841293811798096,4.4403228759765625,4.434531211853027,0.7751284837722778,6.104112148284912
75,75_c1,1,61995,N26409,"Winter is not stopping Milwaukee's pilot scooter program even if snow did for a day. The city ordered scooter companies to move the vehicles off the streets before Thursday's storm. Scooters were back on Milwaukee's streets Friday after the Halloween snowstorm forced them into temporary storage according to a Lime spokesman. ""We monitor the weather in addition to a number of other things we do. And our robust operations staff decided to pull...",Snow puts skids on scooters for day,travel,travelarticle,0.0003672552,0,Milwaukee's Scooter Program Resumes Operations After Temporary Snow Suspension,gpt-4o-mini,,7.850059773772955e-05,0.0,4.843635559082031,4.874275207519531,4.598666191101074,4.100728511810303,4.904551982879639,4.737033843994141,4.66138219833374,1.0077998638153076,6.53057861328125
76,76_c1,1,36522,N39981,Majority Leader Steny Hoyer joins Morning Joe to discuss Wednesday's hearing with top diplomats George Kent and Bill Taylor and why he will make a decision on impeachment after he's heard all of the testimony.,Rep. Hoyer: I'll reserve judgment until I hear all testimony,news,newsus,0.0002909947,0,Steny Hoyer Discusses Impeachment Decision After Hearing with Diplomats,gpt-4o-mini,,8.57598934089765e-05,0.0,4.855937957763672,4.868898391723633,4.69942045211792,4.095861911773682,4.895932197570801,4.772581100463867,4.680052757263184,1.0724055767059326,6.594268798828125
77,77_c3,3,44576,N44639,"If the start of Thursday's practice is any indication, quarterback Jimmy Garoppolo and his 49ers offense could operate at significantly less than full strength Sunday against Arizona. Tight end George Kittle (ankle/knee injuries), wide receiver Emmanuel Sanders (ribs) and running back Matt Breida (ankle) didn't participate in the portion of practice open to the media. Sanders, wearing his No. 17 jersey and sweats, was walking off the field as...",49ers offense still at less than full strength ahead of game vs. Arizona,sports,football_nfl,8.148334e-05,0,"49ers' Kittle, Sanders, and Breida Miss Practice Ahead of Sunday Matchup",gpt-4o-mini,,0.00010961316002067178,0.0,4.832424163818359,4.876279830932617,4.610081672668457,4.067658424377441,4.894362449645996,4.724052906036377,4.651151657104492,0.4345073103904724,6.293778419494629
78,78_c2,2,25820,N5322,"A milder-than-average winter is predicted across much of the country, federal forecasters said in the official U.S. winter outlook released Thursday.","Mild but changeable winter weather predicted for much of U.S., federal forecasters say",weather,weathertopstories,9.420616e-05,0,Official U.S. Winter Outlook Predicts Milder Conditions Across Much of Country,gpt-4o-mini,,0.00010802030737977475,0.0,4.858070373535156,4.867962837219238,4.704351425170898,4.15620756149292,4.894079685211182,4.776374816894531,4.693355560302734,1.0015747547149658,6.57616662979126
79,79_c1,1,12477,N60146,A pregame injury report before the Michigan Wolverines face No. 7 Penn State in a Big Ten matchup,Michigan injury report: Here's who is expected to play at Penn State,sports,football_ncaa,0.00019250887,0,Michigan Wolverines Release Pregame Injury Report Ahead of Penn State Game,gpt-4o-mini,,7.528567221015692e-05,0.0,4.85502815246582,4.863119125366211,4.734511375427246,4.138863563537598,4.889167785644531,4.799760818481445,4.694525718688965,0.7215241193771362,6.470262050628662
80,80_c1,1,31766,N38735,"It's tax season, and in the past couple of weeks you've probably been checking out your return or figuring out how you're going to pay your bill. Large corporations and wealthy individuals, though? They've figured out a way around that. These are the 20 countries that most often serve as tax havens, based mostly on research from activist group Oxfam.",The biggest tax havens in the world,finance,finance-taxes,0.0007929085,0,Oxfam Identifies 20 Countries Frequently Used as Tax Havens,gpt-4o-mini,,0.0001302529708482325,0.0,4.785801410675049,4.857887268066406,4.521205902099609,4.102081298828125,4.892026901245117,4.665440082550049,4.624078750610352,0.7670202255249023,6.373449802398682
81,81_c5,5,5232,N53329,"Approaching his 40th birthday, Aaron Archer found himself at 230 pounds and nearly 25 percent body fat. He started doing regular HIIT workouts in addition to weight training and calorie tracking, and lost 40 pounds.",How This Guy Lost 40 Pounds and Got Shredded for His 40th Birthday,health,weightloss,0.99997437,1,HIIT Workouts Help Aaron Archer Reduce Body Fat to 20 Percent,gpt-4o-mini,,0.0013607331784442067,0.0,4.82801628112793,4.871474266052246,4.606878280639648,4.147442817687988,4.891352653503418,4.726321220397949,4.664580345153809,0.998662531375885,6.524959087371826
82,82_c3,3,57339,N56676,Three former Louisville Metro Police Department officers will have to pay back thousands of dollars in restitution for an overtime scheme that lasted years. Sgt. Brian Stanfield and Detectives Todd Roadhouse and Mark Final pleaded guilty to federal wire fraud charges Monday. The three officers admitted to submitting overtime requests and collecting payments for hours they did not actually work. As part of a unit in the department's Narcotics...,3 former LMPD officers plead guilty to federal charges of falsifying overtime records,news,newscrime,0.00017939623,0,Louisville Police Officers Plead Guilty to Federal Wire Fraud Charges,gpt-4o-mini,,6.80526063661091e-05,0.0,4.83991813659668,4.876842021942139,4.632293701171875,4.104188442230225,4.8993988037109375,4.7376909255981445,4.665866851806641,0.8308575749397278,6.469367504119873
83,83_c3,3,58272,N8133,"Two crashes caused major issues Thursday morning near I-265 and I-65 in south Louisville. A jackknifed semi closed the ramp from I-265 West to I-65 North. That ramp has since opened. Sign up for our Newsletters The semi was leaking fuel. Another accident also blocked lanes on I-65 North, just inside I-265. READ THE FULL STORY:Crashes causing backups near I-265 and I-65 in Louisville CHECK OUT WLKY:Live. Local. Late-Breaking. Get the top...",Crashes causing backups near I-265 and I-65 in Louisville,autos,autosnews,8.717502e-05,0,Traffic Delays Reported Thursday Morning on I-265 and I-65 in Louisville,gpt-4o-mini,,0.00012625058297999203,0.0,4.171222686767578,4.5144453048706055,3.492097854614258,3.3820641040802,4.6485748291015625,3.754265785217285,3.992913007736206,0.7386683225631714,5.496569633483887
84,84_c1,1,51584,N44471,The head coach may have doomed his team - and his kicker - with the questionable call.,Matt Nagy defends decision to kneel before Eddy Pineiro miss,sports,football_nfl,0.00025608504,0,Head Coach's Questionable Call Puts Team and Kicker at Risk,gpt-4o-mini,,7.658631511731073e-05,0.0,4.853320121765137,4.874187469482422,4.702393531799316,4.142187118530273,4.896479606628418,4.774765968322754,4.6902031898498535,0.6809521913528442,6.4447340965271
85,85_c1,1,47627,N52164,"Twitter user Brian the Brachiosaurus created a lovely video showing the progression of the snow in Point Place, Ohio, on Nov. 12, even though their clock literally froze from freezing rain at 3:44 p.m.",Brian the Brachiosaurus' snow time-lapse,weather,weathertopstories,0.85267437,1,"Twitter User Shares Snow Progression Video from Point Place, Ohio",gpt-4o-mini,,0.0001283394085476175,0.0,4.861698150634766,4.869239807128906,4.689720153808594,4.137731552124023,4.899110794067383,4.74969482421875,4.68665075302124,0.9142404794692993,6.534884929656982
86,86_c1,1,56956,N7103,Phoenix brunch restaurant Hash Kitchen has 60 ingredients on the largest bloody mary bar in Arizona. Here's the trick to making the massive drinks.,Here's the trick pros use to make massive bloody marys at Hash Kitchen in Phoenix,foodanddrink,newstrends,0.9999771,1,Hash Kitchen in Phoenix Features Arizona's Largest Bloody Mary Bar,gpt-4o-mini,,0.05200223624706268,0.0,4.831038475036621,4.861339569091797,4.6335883140563965,4.121158123016357,4.887283802032471,4.723611831665039,4.661684036254883,0.8383169174194336,6.439457893371582
87,87_c1,1,6951,N57318,"A great white shark that weighs over 2,000 pounds and measures 15 feet, 5 inches long has been swimming along the US East Coast.","A 2,000-pound great white shark is swimming off the coast of Florida",news,newsus,0.24557604,0,"Great White Shark Weighing Over 2,000 Pounds Sighted Off US East Coast",gpt-4o-mini,,0.00016088082338683307,0.0,4.855069160461426,4.870078086853027,4.7263288497924805,4.150972366333008,4.893228530883789,4.786606788635254,4.696067810058594,0.7668177485466003,6.48829984664917
88,88_c5,5,34621,N12853,Finley put together a performance that indicates the Bengals are still looking for their quarterback of the future.,Life came at Ryan Finley fast in his first career start,sports,football_nfl,0.00032155888,0,Finley’s Display Suggests Bengals Are Evaluating Quarterback Options,gpt-4o-mini,,0.00010186939471168444,0.0,4.808594226837158,4.852771759033203,4.587942123413086,4.068563461303711,4.886646747589111,4.691140651702881,4.6340789794921875,0.9039925336837769,6.455929279327393
89,89_c3,3,56073,N47159,"Michelle Mero Riedel's carefully composed garden in Oakdale is always ready for its close-up. The beds and plots are kept meticulously weeded and deadheaded, and she doesn't hesitate to move a plant that has grown too tall for the plants around it. ""I really like a tidy garden,"" said Mero Riedel. As a professional photographer, Mero Riedel relies on having a photogenic subject right outside ...",Photographer tends a picture-perfect garden in Oakdale,lifestyle,lifestylehomeandgarden,0.0005745638,0,Professional Photographer Michelle Mero Riedel Cultivates Perfect Garden for Photography,gpt-4o-mini,,0.0024815259966999292,0.0,4.844550132751465,4.8716864585876465,4.660070419311523,4.192828178405762,4.900099754333496,4.763059616088867,4.6907877922058105,0.7591385841369629,6.462865829467773
90,90_c2,2,25614,N49789,"Every week in Genius Recipes often with your help! Food52 Creative Director and lifelong Genius-hunter Kristen Miglore is unearthing recipes that will change the way you cook. Why does everyone keep talking about this chopped salad? It first started making waves in 2006 when Nancy Silverton put it on the menu at Pizzeria Mozza in Los Angeles. Thirteen years later, Food52 community members are still writing to me to tell me how genius it is. It...",The Genius Chopped Salad Everyone's (Still) Talking About,foodanddrink,recipes,0.9999716,1,Food52's Kristen Miglore Celebrates Iconic Chopped Salad since 2006,gpt-4o-mini,,0.9999464750289917,1.0,4.83879280090332,4.872617244720459,4.645718574523926,4.158272743225098,4.901717662811279,4.747709274291992,4.679131984710693,1.011444091796875,6.052673816680908
91,91_c2,2,21105,N21131,"An Arcadia man with a history of donating to Democrats and Republicans in federal elections including $900,000 funneled to President Trump's inaugural committee is expected to plead guilty to falsifying records to conceal his work as a foreign agent and making almost $1 million in illegal campaign contributions, prosecutors said Tuesday. Imaad Shah Zuberi, a 49-year-old campaign fundraiser ...","SoCal Man Who Donated $900K to Trump Will Plead Guilty to Hiding Work as Foreign Agent, Illegal Campaign Contributions",news,newspolitics,0.00016324352,0,Imaad Shah Zuberi Faces Guilty Plea Over $1 Million in Campaign Violations,gpt-4o-mini,,9.021963342092931e-05,0.0,4.805067539215088,4.8621320724487305,4.512768745422363,3.9297053813934326,4.894804000854492,4.6360931396484375,4.591272830963135,0.54205721616745,6.266381740570068
92,92_c3,3,42302,N64688,"Monty Williams felt first-year Michigan coach Juwan Howard could do anything, but he was one of the first coaches Howard asked questions about coaching.",How Suns coach Monty Williams helped Michigan's Juwan Howard become a coach,sports,basketball_ncaa,0.42067647,0,Monty Williams Recognizes Juwan Howard's Coaching Questions as a First-Year Coach,gpt-4o-mini,,0.03791690990328789,0.0,4.853560447692871,4.862977027893066,4.72377872467041,4.200705528259277,4.892125129699707,4.791661262512207,4.704529762268066,0.7647672891616821,6.472352027893066
93,93_c5,5,59599,N24706,"Last month was the hottest October ever recorded worldwide, according to data released by the European Union's satellite monitoring service on Tuesday. Globally, temperatures were 0.69 degrees Celsius (1.25 degrees Fahrenheit) warmer than the average October from 1981 to 2010, and 0.01 C warmer than the previous record holder, October 2015. This is equivalent to 1.2 Celsius above the pre-industrial average, the Copernicus Climate Change Service...",Last month hottest October on record: EU climate service,news,newsscienceandtechnology,0.00021198437,0,Copernicus Climate Change Service Confirms October 2023 as Hottest on Record,gpt-4o-mini,,0.00014583824668079615,0.0,4.8537917137146,4.870851516723633,4.681150436401367,4.158229351043701,4.902428150177002,4.76363468170166,4.689622402191162,0.8683850765228271,6.514467716217041
94,94_c1,1,8028,N5932,U.S. News & World Report released its new ratings for the best nursing homes in 2019-20 on Tuesday.,69 Texas Nursing Homes Make U.S. News 'Best' Ratings,health,wellness,0.00015268488,0,U.S. News & World Report Releases Best Nursing Homes Ratings for 2019-20,gpt-4o-mini,,0.00011232607357669622,0.0,4.856953144073486,4.860660552978516,4.729738235473633,4.131413459777832,4.890660762786865,4.7911057472229,4.691790580749512,1.0265891551971436,6.589777946472168
95,95_c4,4,16775,N28787,"Waves pummeled the shores of Lake Superior and Lake Michigan early this week as an intense storm system swept across the Great Lakes. Winds howled from the Dakotas through Michigan, and AccuWeather Reporter Blake Naftel witnessed the power of the storm first-hand along the eastern shores of Lake Michigan. Naftel was in Grand Haven, Michigan, on Tuesday morning when 50-mph wind gusts lashed the area. Those strong winds spawned large waves that...",Huge storm blows through and makes lake look like raging ocean,weather,weathertopstories,0.001636638,0,AccuWeather Reporter Observes Powerful Storm Impacting Eastern Lake Michigan,gpt-4o-mini,,9.903556201606989e-05,0.0,4.838869094848633,4.847980499267578,4.6468658447265625,4.085448265075684,4.889113426208496,4.740779876708984,4.6584792137146,1.0373436212539673,6.547004222869873
96,96_c5,5,28458,N58243,"Next month, however, you'll be able to see it from your own moped driven by you.",Uber Is Launching Mopeds in Paris,travel,travelnews,0.0011883004,0,Next Month Offers Moped Rentals for Independent Exploration,gpt-4o-mini,,0.00010821402247529477,0.0,4.3284478187561035,4.585665225982666,3.6680898666381836,3.6438753604888916,4.691669464111328,4.043509483337402,4.1570515632629395,0.46306389570236206,5.587398052215576
97,97_c1,1,14282,N44833,"Minnesota resident Carol Bauer captured video of a farmer driving his tractor through his fields as snow fell in Graceville, on November 6. Bauer told Storyful weather conditions this year made it challenging for farmers in west-central Minnesota, leading to low crop production. Many acres were not planted due to a wet summer and fall, and even some hail throughout the year, according to Bauer. ""Farmers had to plant cover crops to stop soil erosion or preventive planting instead of a productive crop,"" said Bauer. ""Now we are trying to finish up with wet fall snow. "" Credit: Carol Bauer via Storyful",Minnesota Farms Report Low Yields After 'Extremely Challenging' Weather Conditions,weather,weathertopstories,8.492726e-05,0,Minnesota Farmer Drives Tractor Through Snow in Graceville Video,gpt-4o-mini,,0.00015382001583930105,0.0,4.658100605010986,4.786182403564453,4.154855728149414,3.8883416652679443,4.840447902679443,4.405634880065918,4.449979782104492,1.0545326471328735,6.245913982391357
98,98_c1,1,40667,N24882,"The Wall of Faces campaign has been tracking down photos of the more than 58,000 faces on the Vietnam Veterans Memorial. But images from 11 men from Detroit are missing.",Help find photos of these 11 Vietnam Veterans from Detroit,lifestyle,lifestylebuzz,0.99988997,1,Wall of Faces Campaign Seeks Photos of 11 Missing Detroit Veterans,gpt-4o-mini,,7.700572314206511e-05,0.0,4.857660293579102,4.871463775634766,4.717413425445557,4.171065807342529,4.895443916320801,4.790614128112793,4.700337886810303,0.9564002752304077,6.565887451171875
99,99_c1,1,43505,N6848,"Missouri State Auditor Nicole Galloway has again issued a subpoena to Clay County officials pushing the county to turn over documents related to a citizen-mandated audit. ""Given the past conduct of the county in evading the audit, the subpoena was issued to get answers on behalf of Clay County citizens,"" the auditor's office said in a statement. Sign up for our Newsletters In October, a judge dismissed a lawsuit filed by the Clay County...",State auditor again issues subpoena to Clay County in citizen-mandated audit,news,newsus,6.6570734e-05,0,Missouri Auditor Nicole Galloway Issues Subpoena to Clay County Officials,gpt-4o-mini,,7.385054050246254e-05,0.0,4.862676620483398,4.8735504150390625,4.700265884399414,4.1253461837768555,4.900092124938965,4.782946586608887,4.690119743347168,1.043591022491455,6.592045307159424
100,100_c1,1,62644,N39002,"Mizner Park, a 28-year-old shopping plaza in downtown Boca Raton, was in need of a refresh after losing some tenants in recent years. Now, the owner is energizing its retail mix with restaurants, bars, stores, entertainment, and some pop-up retailers. H u00e4stens, a company that sells handmade bedding from Sweden, will open in December, according to Mizner Park's management, followed by ...","Boca Raton's Mizner Park jazzes up plaza with new restaurants, stores, bars and entertainment",travel,travelnews,0.00014517433,0,Mizner Park in Boca Raton Plans Retail Refresh with New Tenants,gpt-4o-mini,,7.436452142428607e-05,0.0,4.8173418045043945,4.861270904541016,4.585633277893066,4.111192226409912,4.896298885345459,4.724082946777344,4.650462627410889,0.6887744069099426,6.383680820465088
