seed_id,nid,news_id,summary,original_title,category,subvert,original_clickbait_penalty,original_predicted_clickbait,zero_shot_title,zero_shot_model,zero_shot_error,zero_shot_title_clean,zero_shot_clickbait_penalty,zero_shot_predicted_clickbait,clickbait_penalty_delta,clickbait_penalty_reduced,clickbait_threshold,rewritten_title,rewrite_model,rewrite_error,rewritten_title_clean,rewritten_clickbait_penalty,rewritten_predicted_clickbait,rewrite_vs_zero_shot_delta,rewrite_vs_original_delta,final_title,final_clickbait_penalty,final_predicted_clickbait,round2_title,round2_model,round2_error,round2_title_clean,round2_clickbait_penalty,round2_predicted_clickbait,round2_vs_round1_delta,round2_final_title,round2_final_clickbait_penalty,round2_final_predicted_clickbait
1,19315,N33438,"There's really nothing easy about being a NASA astronaut on the International Space Station, and the same goes for spacewalking outside of the orbiting laboratory. It's hard work, and when spacewalks stretch on for hours and hours, you have to be in excellent physical condition to make it through.",NASA's Christina Koch got a little bit messy during first all-female spacewalk,news,newsscienceandtechnology,0.9999181,1,NASA Astronauts on ISS Face Challenges of Long Spacewalks,gpt-4o-mini,,NASA Astronauts on ISS Face Challenges of Long Spacewalks,0.0001108256,0,-0.9998072744035064,True,0.5,,,,,,,,,NASA Astronauts on ISS Face Challenges of Long Spacewalks,0.0001108256,0,,,,,,,,NASA Astronauts on ISS Face Challenges of Long Spacewalks,0.0001108256,0
2,44364,N60123,"LODI -- Spain's king of red grapes, Tempranillo, has found a home in Lodi, where talented growers and winemakers respect and know how to handle the variety. To celebrate International Tempranillo Day, Bokisch Vineyards is putting on the fourth annual Lodi Tour of Tempranillo Friday through Sunday. This year, 13 boutique wineries in the Lodi American Viticultural Area will showcase their ...",Tour of Tempranillo offers taste of Lodi's take on the Spanish varietal,foodanddrink,newstrends,0.0020869977,0,Lodi Celebrates International Tempranillo Day with Winery Tour and Tastings,gpt-4o-mini,,Lodi Celebrates International Tempranillo Day with Winery Tour and Tastings,0.00010743384,0,-0.0019795638566318,True,0.5,,,,,,,,,Lodi Celebrates International Tempranillo Day with Winery Tour and Tastings,0.00010743384,0,,,,,,,,Lodi Celebrates International Tempranillo Day with Winery Tour and Tastings,0.00010743384,0
3,24888,N27810,"Today, roller coasters have become instruments of adrenaline (or torture, depending on your perspective). They break speed records, hurl passengers through space, and some are even designed to trick riders.",The Best Roller Coasters Around the World,travel,traveltripideas,0.99994266,1,Roller Coasters Today: Speed Records and Thrilling Designs,gpt-4o-mini,,Roller Coasters Today: Speed Records and Thrilling Designs,0.00036492007,0,-0.999577739933796,True,0.5,,,,,,,,,Roller Coasters Today: Speed Records and Thrilling Designs,0.00036492007,0,,,,,,,,Roller Coasters Today: Speed Records and Thrilling Designs,0.00036492007,0
4,50407,N13403,"The Seattle Seahawks once again rallied for a win, this time over the previously unbeaten 49ers. And this Seattle team is for real, writes Mike Jones.",'We always believe': Win over 49ers proves Seattle Seahawks' mindset is more than just lip service,sports,football_nfl,0.00012817541,0,Seattle Seahawks Defeat Unbeaten 49ers in a Thrilling Comeback Victory,gpt-4o-mini,,Seattle Seahawks Defeat Unbeaten 49ers in a Thrilling Comeback Victory,0.00010405485,0,-2.412055772761613e-05,True,0.5,,,,,,,,,Seattle Seahawks Defeat Unbeaten 49ers in a Thrilling Comeback Victory,0.00010405485,0,,,,,,,,Seattle Seahawks Defeat Unbeaten 49ers in a Thrilling Comeback Victory,0.00010405485,0
5,42378,N7244,Listed starters for the Cyclones and Longhorns in their 2019 Big 12 Conference matchup at Jack Trice Stadium in Ames.,Depth charts: Projected starters for Iowa State vs. No. 23 Texas,sports,football_ncaa,0.00015676561,0,Cyclones and Longhorns Announce Starters for 2019 Big 12 Matchup,gpt-4o-mini,,Cyclones and Longhorns Announce Starters for 2019 Big 12 Matchup,9.932392e-05,0,-5.74416872317648e-05,True,0.5,,,,,,,,,Cyclones and Longhorns Announce Starters for 2019 Big 12 Matchup,9.932392e-05,0,,,,,,,,Cyclones and Longhorns Announce Starters for 2019 Big 12 Matchup,9.932392e-05,0
6,63352,N1369,A local airman returned home to the Miami Valley on Friday and was greeted by dozens of family and friends.,Local Airman returns from 6 Months in Afghanistan,health,wellness,8.4165134e-05,0,Local airman returns home to Miami Valley to warm welcome from family and friends.,gpt-4o-mini,,Local airman returns home to Miami Valley to warm welcome from family and friends,9.939583e-05,0,1.5230697057336184e-05,False,0.5,,,,,,,,,Local airman returns home to Miami Valley to warm welcome from family and friends,9.939583e-05,0,,,,,,,,Local airman returns home to Miami Valley to warm welcome from family and friends,9.939583e-05,0
7,29280,N3913,"Students at Hartford's new Weaver campus are working to erase stark lines dividing the building's two school communities, the public school drawing students from the neighborhoods and the magnet arts school that mostly serves the suburbs. Working with staff and administrators, they're trying to counteract some of the unintended consequences of relocating and reorganizing three high schools ...","Hartford's Weaver forging a new identity at campus shared by public, magnet students",news,newsus,0.00013871084,0,Students at Hartford's Weaver campus aim to unite two school communities.,gpt-4o-mini,,Students at Hartford's Weaver campus aim to unite two school communities,0.0004026209,0,0.0002639100662431,False,0.5,,,,,,,,,Students at Hartford's Weaver campus aim to unite two school communities,0.0004026209,0,,,,,,,,Students at Hartford's Weaver campus aim to unite two school communities,0.0004026209,0
8,13158,N36369,"Considering that Domingue is slated to be an unrestricted free agent this summer, finding an opportunity to play regularly (even if it isn't necessarily at the NHL level to start with) would be ideal.",Louis Domingue changes agents amid attempt to play at NHL level again,sports,icehockey_nhl,7.8780766e-05,0,Domingue Seeks Regular Playing Opportunity Ahead of Free Agency,gpt-4o-mini,,Domingue Seeks Regular Playing Opportunity Ahead of Free Agency,0.00010380648,0,2.50257141832661e-05,False,0.5,,,,,,,,,Domingue Seeks Regular Playing Opportunity Ahead of Free Agency,0.00010380648,0,,,,,,,,Domingue Seeks Regular Playing Opportunity Ahead of Free Agency,0.00010380648,0
9,5749,N61058,A driver was fatally shot in St. Paul on Sunday night and police are searching for the person responsible.,Driver dies after being shot in St. Paul's Summit-U area,news,newsworld,7.788181e-05,0,"Driver Fatally Shot in St. Paul, Police Investigate Incident",gpt-4o-mini,,"Driver Fatally Shot in St. Paul, Police Investigate Incident",7.7094264e-05,0,-7.875457297278917e-07,True,0.5,,,,,,,,,"Driver Fatally Shot in St. Paul, Police Investigate Incident",7.7094264e-05,0,,,,,,,,"Driver Fatally Shot in St. Paul, Police Investigate Incident",7.7094264e-05,0
10,37719,N1117,The playoffs begin next week across Oklahoma. Here is a complete list of the first-round playoff pairings for each class. Class 6A-I Moore at Edmond Santa Fe Jenks at Mustang Norman at Owasso Tulsa Union at Broken Arrow Class 6A-II Sapulpa at Stillwater Choctaw at Muskogee Midwest City at Bixby Tulsa Washington at Del City Class 5A Woodward at Noble Tulsa Kelley at Collinsville Pryor ...,High school football: First-round playoff pairings,sports,basketball_ncaa,0.0001209557,0,Oklahoma Playoffs Begin Next Week with First-Round Pairings Announced,gpt-4o-mini,,Oklahoma Playoffs Begin Next Week with First-Round Pairings Announced,7.280586e-05,0,-4.8149841491781925e-05,True,0.5,,,,,,,,,Oklahoma Playoffs Begin Next Week with First-Round Pairings Announced,7.280586e-05,0,,,,,,,,Oklahoma Playoffs Begin Next Week with First-Round Pairings Announced,7.280586e-05,0
11,8696,N50539,"It's a decade where you'll meet multiple princesses, a new Queen, The King, Prince and the future King of Pop.",50+ Amazing Things That Happened in the '50s,lifestyle,lifestyledidyouknow,0.99997616,1,"Decade Features Multiple Princesses, New Queen, King, and Future King of Pop",gpt-4o-mini,,"Decade Features Multiple Princesses, New Queen, King, and Future King of Pop",0.6378787,1,-0.3620974440080261,True,0.5,"Decade Includes Several Princesses, New Queen, and Future King of Pop",gpt-4o-mini,,"Decade Includes Several Princesses, New Queen, and Future King of Pop",0.39723188,0.0,-0.2406468231498718,-0.6027442831498718,"Decade Includes Several Princesses, New Queen, and Future King of Pop",0.3972318768501282,0,,,,,,,,"Decade Includes Several Princesses, New Queen, and Future King of Pop",0.3972318768501282,0
12,41048,N38458,"When Monday's game against the Mavericks was tied at 86-86, one of the five Celtics on the floor wasn't even on an NBA roster last year. Now, that might not be surprising if the Celtics were floundering, but they're not. They're doing just the opposite. Now, there is an opportunity for others to contribute as a result of Gordon Hayward's injury. Even with that being the case, Javonte Green wasn't told by Brad Stevens he might see minutes in a...",Javonte Green didn't expect to play as much as he did vs. Mavericks,sports,basketball_nba,0.86899936,1,Celtics' Javonte Green steps up during close game after Hayward's injury,gpt-4o-mini,,Celtics' Javonte Green steps up during close game after Hayward's injury,9.958349e-05,0,-0.8688997765074439,True,0.5,,,,,,,,,Celtics' Javonte Green steps up during close game after Hayward's injury,9.958349e-05,0,,,,,,,,Celtics' Javonte Green steps up during close game after Hayward's injury,9.958349e-05,0
13,55398,N31239,Game wardens are investigating a fatal crash involving an all-terrain passenger vehicle in a small town west of Belfast. The wardens say the crash killed 30-year-old Rachel Curtis of Montville in her hometown on Sunday. They say Curtis was a passenger on an ATV that was traveling on a dirt road when it crashed before noon. The warden service says it is working with the district attorney's office to determine if the driver of the ATV will be...,Charges possible after woman dies in ATV crash,travel,travelnews,8.0252066e-05,0,"Game wardens investigate fatal ATV crash in Montville, killing 30-year-old Rachel Curtis.",gpt-4o-mini,,"Game wardens investigate fatal ATV crash in Montville, killing 30-year-old Rachel Curtis",0.000109494584,0,2.924251773943344e-05,False,0.5,,,,,,,,,"Game wardens investigate fatal ATV crash in Montville, killing 30-year-old Rachel Curtis",0.000109494584,0,,,,,,,,"Game wardens investigate fatal ATV crash in Montville, killing 30-year-old Rachel Curtis",0.000109494584,0
14,5962,N6385,Critics say Procter & Gamble contributes to deforestation and should use recycled materials for paper products,Environmentalists' new target? Charmin toilet paper,finance,finance-companies,7.264649e-05,0,Critics urge Procter & Gamble to address deforestation and use recycled materials.,gpt-4o-mini,,Critics urge Procter & Gamble to address deforestation and use recycled materials,0.00012256,0,4.991350899934977e-05,False,0.5,,,,,,,,,Critics urge Procter & Gamble to address deforestation and use recycled materials,0.00012256,0,,,,,,,,Critics urge Procter & Gamble to address deforestation and use recycled materials,0.00012256,0
15,52250,N35503,Plant officials told workers during early shifts less than 12 hours after a proposed tentative contract agreement was announced publicly.,"Ford-UAW deal includes closing Romeo Engine Plant, moving 600 jobs",news,newsus,6.76546e-05,0,Plant Officials Inform Workers of Tentative Contract Agreement Less Than 12 Hours Later,gpt-4o-mini,,Plant Officials Inform Workers of Tentative Contract Agreement Less Than 12 Hours Later,7.226991e-05,0,4.615311470357328e-06,False,0.5,,,,,,,,,Plant Officials Inform Workers of Tentative Contract Agreement Less Than 12 Hours Later,7.226991e-05,0,,,,,,,,Plant Officials Inform Workers of Tentative Contract Agreement Less Than 12 Hours Later,7.226991e-05,0
16,9698,N59081,": CELEBS AND KID PARTIESTampa Theatre is shaking up its annual Halloween film festival Nightmare on Franklin Street with two live shows. Catch the popular horror-comedy podcast The Last Podcast on the Left at 8 p.m. Friday. $34.50-$44.50. And Barry Bostwick, the star of The Rocky Horror Picture Show, will give a talk before a screening of the cult classic at 7 p.m. and midnight ...",Top things to do in Tampa Bay this weekend: Oct. 18-20,travel,travelarticle,0.9996277,1,Tampa Theatre Hosts Halloween Film Festival with Live Shows and Talks,gpt-4o-mini,,Tampa Theatre Hosts Halloween Film Festival with Live Shows and Talks,9.6256495e-05,0,-0.9995314435045466,True,0.5,,,,,,,,,Tampa Theatre Hosts Halloween Film Festival with Live Shows and Talks,9.6256495e-05,0,,,,,,,,Tampa Theatre Hosts Halloween Film Festival with Live Shows and Talks,9.6256495e-05,0
17,14125,N37428,State officials including Republican Gov. Greg Abbott have targeted Austin's left-leaning policies toward homelessness as encampments have grown more prevalent in Texas' capital city.,"Homeless Become More Visible in Austin, Sparking Political Clash",news,newsus,8.295391e-05,0,"Texas Officials, Including Gov. Abbott, Criticize Austin's Homelessness Policies",gpt-4o-mini,,"Texas Officials, Including Gov. Abbott, Criticize Austin's Homelessness Policies",8.792506e-05,0,4.971148323889971e-06,False,0.5,,,,,,,,,"Texas Officials, Including Gov. Abbott, Criticize Austin's Homelessness Policies",8.792506e-05,0,,,,,,,,"Texas Officials, Including Gov. Abbott, Criticize Austin's Homelessness Policies",8.792506e-05,0
18,64779,N9321,"President Donald Trump was at Walter Reed National Medical Center on Saturday for what the White House said were medical tests as part of his annual physical. The appointment wasn't on his weekend public schedule that was released Friday night, and his last physical was in February. Press secretary Stephanie Grisham said the 73-year-old Trump was ``anticipating a very busy 2020'' and wanted to take advantage of ``a free...",White House: Trump having tests as part of medical checkup,news,newspolitics,0.000117346244,0,Trump Undergoes Medical Tests at Walter Reed as Part of Annual Physical,gpt-4o-mini,,Trump Undergoes Medical Tests at Walter Reed as Part of Annual Physical,0.00010371654,0,-1.3629701928802816e-05,True,0.5,,,,,,,,,Trump Undergoes Medical Tests at Walter Reed as Part of Annual Physical,0.00010371654,0,,,,,,,,Trump Undergoes Medical Tests at Walter Reed as Part of Annual Physical,0.00010371654,0
19,18162,N1836,"In a small study, researchers found that exercising before breakfast led to more fat loss, but not weight loss, than eating beforehand.","The best time to exercise is before breakfast, a new study says",health,fitness,0.0006069636,0,Study finds pre-breakfast exercise increases fat loss without affecting weight loss.,gpt-4o-mini,,Study finds pre-breakfast exercise increases fat loss without affecting weight loss,0.00013279807,0,-0.0004741655282821,True,0.5,,,,,,,,,Study finds pre-breakfast exercise increases fat loss without affecting weight loss,0.00013279807,0,,,,,,,,Study finds pre-breakfast exercise increases fat loss without affecting weight loss,0.00013279807,0
20,50785,N2830,"The Cincinnati Bengals lost running back Giovani Bernard to a knee injury during the team's Week 10 game against the Baltimore Ravens. Bernard went to the blue tent in the second quarter and the team quickly ruled him out. They then revised it to a doubtful tag before he unexpectedly made his return in the second half. At the time of the injury, the Ravens had a 28-3 lead and Bernard had turned two carries into 10 yards while serving as the...","Giovani Bernard suffers knee injury vs. Ravens, eventually returns",sports,football_nfl,9.860407e-05,0,Bengals' Giovani Bernard suffers knee injury during Week 10 game against Ravens,gpt-4o-mini,,Bengals' Giovani Bernard suffers knee injury during Week 10 game against Ravens,0.00017492921,0,7.632514324446798e-05,False,0.5,,,,,,,,,Bengals' Giovani Bernard suffers knee injury during Week 10 game against Ravens,0.00017492921,0,,,,,,,,Bengals' Giovani Bernard suffers knee injury during Week 10 game against Ravens,0.00017492921,0
21,35371,N10963,"In April of this year student activists called for acknowledgment of inaction regarding racism in Worcester's schools. Last month, Worcester voters took to the polls with their selections for the district's new School Committee. The vote reveals that student activists' calls for change have fallen upon deaf ears. With only one person of color elected, Worcester's schools will continue to be ...","As I See It: What Worcester's election means for school discipline, representation",lifestyle,lifestylesmartliving,0.0012295775,0,Worcester's School Committee election shows limited progress on racial representation.,gpt-4o-mini,,Worcester's School Committee election shows limited progress on racial representation,6.8351e-05,0,-0.0011612264993361,True,0.5,,,,,,,,,Worcester's School Committee election shows limited progress on racial representation,6.8351e-05,0,,,,,,,,Worcester's School Committee election shows limited progress on racial representation,6.8351e-05,0
22,57581,N1235,"South Jersey, Group 3 2-Ocean City at 1-Clearview How they got here: Ocean City and Clearivew seem to meet in the sectional final every season, and it's no shock to see both programs back with the years they've both put together. Ocean City continued its impressive play from a year ago, earning wins against Haddonfield and Bishop Eustace to prove itself as one of the state's best. The Red ...","South Jersey, Group 3 final preview: Ocean City at Clearview",news,newsus,9.059603e-05,0,Ocean City Faces Clearview in South Jersey Group 3 Sectional Final,gpt-4o-mini,,Ocean City Faces Clearview in South Jersey Group 3 Sectional Final,8.7165296e-05,0,-3.4307344461406768e-06,True,0.5,,,,,,,,,Ocean City Faces Clearview in South Jersey Group 3 Sectional Final,8.7165296e-05,0,,,,,,,,Ocean City Faces Clearview in South Jersey Group 3 Sectional Final,8.7165296e-05,0
23,57269,N30815,"Buy Microsoft on weakness to its semiannual value level at $131.71, or buy at Friday's close if the stock is above $138.17, the key weekly moving average. The target is its quarterly risky level at $152.47.",How to Trade Microsoft on Solid Earnings but No New Intraday High,finance,finance-top-stocks,0.00017857362,0,Buy Microsoft at semiannual value level or above weekly moving average.,gpt-4o-mini,,Buy Microsoft at semiannual value level or above weekly moving average,0.00010462116,0,-7.39524581186314e-05,True,0.5,,,,,,,,,Buy Microsoft at semiannual value level or above weekly moving average,0.00010462116,0,,,,,,,,Buy Microsoft at semiannual value level or above weekly moving average,0.00010462116,0
24,14089,N38287,WATERBURY A tractor-trailer found itself stuck under a railroad bridge Monday morning. Police said the truck wedge itself under the bridge at West Main Street and Sperry Street. There were some delays in the area while they worked to remove the truck. It's unknown at this time if there was any structural damage to the bridge. Traffic Accident Tractor Trailer stuck under R&R bridge West ...,Tractor-trailer wedges itself under Waterbury bridge Monday morning,news,newsscienceandtechnology,0.00012932549,0,"Tractor-trailer gets stuck under railroad bridge in Waterbury, causing delays.",gpt-4o-mini,,"Tractor-trailer gets stuck under railroad bridge in Waterbury, causing delays",9.600881e-05,0,-3.331668269568474e-05,True,0.5,,,,,,,,,"Tractor-trailer gets stuck under railroad bridge in Waterbury, causing delays",9.600881e-05,0,,,,,,,,"Tractor-trailer gets stuck under railroad bridge in Waterbury, causing delays",9.600881e-05,0
25,48322,N38883,Adam's Corner and Fisher House provide military families resources such as housing and child care.,Adam's Corner celebrates the bravery of our Armed Forces and bring joy to children | Opinion,lifestyle,lifestylefamily,0.9999305,1,Adam's Corner and Fisher House Offer Support for Military Families,gpt-4o-mini,,Adam's Corner and Fisher House Offer Support for Military Families,0.00013612211,0,-0.9997943778924944,True,0.5,,,,,,,,,Adam's Corner and Fisher House Offer Support for Military Families,0.00013612211,0,,,,,,,,Adam's Corner and Fisher House Offer Support for Military Families,0.00013612211,0
26,57983,N30812,"A Sacramento man has opened his doors to a Healdsburg couple and their 18 dogs, 11 of which are five-week-old puppies.",Sacramento Man Takes Wildfire Evacuees And Their 18 Dogs,news,newsus,0.00017466306,0,"Sacramento man houses Healdsburg couple and their 18 dogs, including puppies.",gpt-4o-mini,,"Sacramento man houses Healdsburg couple and their 18 dogs, including puppies",0.00030005688,0,0.0001253938231339,False,0.5,,,,,,,,,"Sacramento man houses Healdsburg couple and their 18 dogs, including puppies",0.00030005688,0,,,,,,,,"Sacramento man houses Healdsburg couple and their 18 dogs, including puppies",0.00030005688,0
27,56246,N25711,Check out photos from the Monster Energy NASCAR Cup Series and NASCAR Xfinity Series playoff weekend at Kansas Speedway.,At-track photos: 2019 Kansas playoff weekend,sports,racing,0.00013012212,0,Photos from NASCAR Cup and Xfinity Series Playoff Weekend at Kansas Speedway,gpt-4o-mini,,Photos from NASCAR Cup and Xfinity Series Playoff Weekend at Kansas Speedway,0.00015343564,0,2.3313521550458978e-05,False,0.5,,,,,,,,,Photos from NASCAR Cup and Xfinity Series Playoff Weekend at Kansas Speedway,0.00015343564,0,,,,,,,,Photos from NASCAR Cup and Xfinity Series Playoff Weekend at Kansas Speedway,0.00015343564,0
28,57327,N42193,"Frank Vogel is aware of the great situation he's in with the Lakers, and he wants to make the best of it.","Frank Vogel says Lakers are 'coolest organization in the NBA,' calls coaching LeBron James and rest of team 'opportunity of a lifetime'",sports,basketball_nba,0.000109991655,0,Frank Vogel aims to maximize opportunity with the Lakers.,gpt-4o-mini,,Frank Vogel aims to maximize opportunity with the Lakers,9.987945e-05,0,-1.011220559196427e-05,True,0.5,,,,,,,,,Frank Vogel aims to maximize opportunity with the Lakers,9.987945e-05,0,,,,,,,,Frank Vogel aims to maximize opportunity with the Lakers,9.987945e-05,0
29,33071,N58911,"PROVIDENCE -- Rhode Island's seasonally adjusted unemployment rage for October was 3.6 percent, the same as September, the state Department of Labor and Training announced Thursday The number of unemployed Rhode Island residents -- those residents classified as available for and actively seeking employment -- was 19,900, down 100 from September, the DLT said. The number of employed Rhode ...","R.I. unemployment rate stays at 3.6%, same as U.S.",finance,finance-real-estate,7.121255e-05,0,Rhode Island's October unemployment rate remains steady at 3.6 percent.,gpt-4o-mini,,Rhode Island's October unemployment rate remains steady at 3.6 percent,7.326707e-05,0,2.0545169094659323e-06,False,0.5,,,,,,,,,Rhode Island's October unemployment rate remains steady at 3.6 percent,7.326707e-05,0,,,,,,,,Rhode Island's October unemployment rate remains steady at 3.6 percent,7.326707e-05,0
30,30561,N28526,Curious just how far your dollar goes in Pleasant Valley? Here's what you can get in neighborhood apartment rentals for $900/month.,What apartments will $900 rent you in Pleasant Valley right now?,finance,finance-real-estate,0.00046313636,0,Apartment Rentals in Pleasant Valley Available for $900/Month,gpt-4o-mini,,Apartment Rentals in Pleasant Valley Available for $900/Month,0.00017289667,0,-0.000290239685515,True,0.5,,,,,,,,,Apartment Rentals in Pleasant Valley Available for $900/Month,0.00017289667,0,,,,,,,,Apartment Rentals in Pleasant Valley Available for $900/Month,0.00017289667,0
31,51318,N61396,"Duane Roots' 1,500hp 6.2L Hemi Charger Hellcat runs on E90 and nitrous, with a huge helping of boost (18 psi) from a 4.5L Whipple blower.","Horsepower! The 1,500hp Hellcat King",autos,autosenthusiasts,0.9994406,1,"Duane Roots' 1,500hp Charger Hellcat Features E90 Fuel and Nitrous Boost",gpt-4o-mini,,"Duane Roots' 1,500hp Charger Hellcat Features E90 Fuel and Nitrous Boost",0.00024649358,0,-0.9991941064176192,True,0.5,,,,,,,,,"Duane Roots' 1,500hp Charger Hellcat Features E90 Fuel and Nitrous Boost",0.00024649358,0,,,,,,,,"Duane Roots' 1,500hp Charger Hellcat Features E90 Fuel and Nitrous Boost",0.00024649358,0
32,51949,N49742,Interstate 70 has reopened near Hoke Road after a rollover crash left all westbound lanes closed around 1 a.m.,I-70 westbound reopened after single-car rollover crash,autos,autosnews,9.5597425e-05,0,Interstate 70 reopens near Hoke Road after rollover crash cleared.,gpt-4o-mini,,Interstate 70 reopens near Hoke Road after rollover crash cleared,6.8509245e-05,0,-2.708817953402474e-05,True,0.5,,,,,,,,,Interstate 70 reopens near Hoke Road after rollover crash cleared,6.8509245e-05,0,,,,,,,,Interstate 70 reopens near Hoke Road after rollover crash cleared,6.8509245e-05,0
33,26390,N53703,"State Highway Patrol troopers tried to stop a vehicle after it went left of center around 2:19 a.m. on Park Road near state Route 49, according to a release from Wapakoneta Ohio State Highway Patrol.","Troopers attempt to stop impaired driver, ends with vehicle into tree",autos,autosnews,0.00016354157,0,State Highway Patrol Attempts to Stop Vehicle for Traffic Violation in Wapakoneta,gpt-4o-mini,,State Highway Patrol Attempts to Stop Vehicle for Traffic Violation in Wapakoneta,7.919338e-05,0,-8.434819195803599e-05,True,0.5,,,,,,,,,State Highway Patrol Attempts to Stop Vehicle for Traffic Violation in Wapakoneta,7.919338e-05,0,,,,,,,,State Highway Patrol Attempts to Stop Vehicle for Traffic Violation in Wapakoneta,7.919338e-05,0
34,57623,N63813,"With the Miami Dolphins rebuilding and holding three 2020 first-round picks in the NFL draft, it is never too early to watch some of the top prospects across the college landscape. Week 11 of the college football season offers a few great opportunities to view some of these players in action against some of the best teams in the nation. Here's a look at a few top players you can watch in South ...",Do some couch scouting for Dolphins draft: Here are top prospects to watch this weekend,sports,football_ncaa,0.99962175,1,"Dolphins Prepare for NFL Draft, Showcase Top College Prospects in Week 11",gpt-4o-mini,,"Dolphins Prepare for NFL Draft, Showcase Top College Prospects in Week 11",0.00010581108,0,-0.9995159389207344,True,0.5,,,,,,,,,"Dolphins Prepare for NFL Draft, Showcase Top College Prospects in Week 11",0.00010581108,0,,,,,,,,"Dolphins Prepare for NFL Draft, Showcase Top College Prospects in Week 11",0.00010581108,0
35,3199,N20207,"HOUSTON The Astros have a reputation for being good at stealing signs and picking up on opposing pitchers' small tells, especially at Minute Maid Park. The Yankees know all too well what the Astros are capable of. In April, James Paxton got hit hard, allowing five earned runs on eight hits in just four innings work here. After that, the Yankees left-hander, who will start Game 2 for the Yankees Sunday night, said he was told he was tipping...","James Paxton, Yankees know Astros can and will pick up on pitching signs",sports,baseball_mlb,0.00011176088,0,Yankees' James Paxton acknowledges tipping pitches after Astros matchup in April,gpt-4o-mini,,Yankees' James Paxton acknowledges tipping pitches after Astros matchup in April,8.312131e-05,0,-2.8639568964061433e-05,True,0.5,,,,,,,,,Yankees' James Paxton acknowledges tipping pitches after Astros matchup in April,8.312131e-05,0,,,,,,,,Yankees' James Paxton acknowledges tipping pitches after Astros matchup in April,8.312131e-05,0
36,8288,N11059,Intentionally infecting healthy people with the virus will enable scientists to better understand the progression of the illness.,Spreading the flu is putting researchers one step closer to a universal vaccine,health,health-news,0.0003197494,0,Scientists to Intentionally Infect Healthy Individuals for Virus Research,gpt-4o-mini,,Scientists to Intentionally Infect Healthy Individuals for Virus Research,0.00013822323,0,-0.0001815261705582,True,0.5,,,,,,,,,Scientists to Intentionally Infect Healthy Individuals for Virus Research,0.00013822323,0,,,,,,,,Scientists to Intentionally Infect Healthy Individuals for Virus Research,0.00013822323,0
37,8558,N37303,"You won't believe these wedding gowns are made from only Quilted Northern toilet paper, tape, glue, and a needle and thread.",These 12 exquisite wedding dresses are made from toilet paper,lifestyle,lifestyleweddings,0.9999778,1,Wedding Gowns Created from Quilted Northern Toilet Paper and Craft Supplies,gpt-4o-mini,,Wedding Gowns Created from Quilted Northern Toilet Paper and Craft Supplies,0.9991721,1,-0.0008057085159302,True,0.5,Wedding Gowns Made from Quilted Northern Toilet Paper and Craft Materials,gpt-4o-mini,,Wedding Gowns Made from Quilted Northern Toilet Paper and Craft Materials,0.9937179,1.0,-0.005454191140747,-0.006259891140747,Wedding Gowns Made from Quilted Northern Toilet Paper and Craft Materials,0.9937179088592528,1,Wedding Gowns Constructed from Quilted Northern Toilet Paper and Adhesives,gpt-4o-mini,,Wedding Gowns Constructed from Quilted Northern Toilet Paper and Adhesives,0.9985226,1.0,0.00480467966995235,Wedding Gowns Constructed from Quilted Northern Toilet Paper and Adhesives,0.9985225796699524,1
38,58478,N48489,"The second round of the playoffs are up next, but there's still one more thing to settle when it comes to last week's postseason openers. Who was the Grand Rapids area's top player? It's not an easy question because there were plenty of good choices. Check out the candidates below and vote for your favorite. Votes as many times as you want through 9 a.m. Friday. Just remember to have fun with ...",Vote for Grand Rapids Player of the Week 10,sports,more_sports,0.0038797266,0,Voting Open for Grand Rapids Area's Top Player from Postseason Openers,gpt-4o-mini,,Voting Open for Grand Rapids Area's Top Player from Postseason Openers,7.893161e-05,0,-0.0038007949890851,True,0.5,,,,,,,,,Voting Open for Grand Rapids Area's Top Player from Postseason Openers,7.893161e-05,0,,,,,,,,Voting Open for Grand Rapids Area's Top Player from Postseason Openers,7.893161e-05,0
39,12305,N36484,A Hawaii man has fulfilled a dream shared by shore fishermen throughout the islands with the catch of an ulua weighing 100 pounds or more.,Hawaii angler lands rare giant ulua,sports,outdoors,0.00011624023,0,"Hawaii Man Catches Over 100-Pound Ulua, Fulfilling Fisherman's Dream",gpt-4o-mini,,"Hawaii Man Catches Over 100-Pound Ulua, Fulfilling Fisherman's Dream",0.00011004003,0,-6.200196822061689e-06,True,0.5,,,,,,,,,"Hawaii Man Catches Over 100-Pound Ulua, Fulfilling Fisherman's Dream",0.00011004003,0,,,,,,,,"Hawaii Man Catches Over 100-Pound Ulua, Fulfilling Fisherman's Dream",0.00011004003,0
40,60896,N37691,"UPDATE @ 12:16 a.m. (Oct. 25): The state patrol is working to determine who went left of center in the head-on collision along U.S. 127 south of Camden that left one dead and two others with serious, non-life threatening injuries, said Sgt. Dallas Root, Dayton Post.","1 dead, 2 injured in U.S. 127 head-on collision near Camden, state patrol says",autos,autosnews,8.773243e-05,0,"Head-on collision on U.S. 127 leaves one dead, two injured.",gpt-4o-mini,,"Head-on collision on U.S. 127 leaves one dead, two injured",8.116592e-05,0,-6.566510745000388e-06,True,0.5,,,,,,,,,"Head-on collision on U.S. 127 leaves one dead, two injured",8.116592e-05,0,,,,,,,,"Head-on collision on U.S. 127 leaves one dead, two injured",8.116592e-05,0
41,13702,N48354,"Losing Game 5 of the National League Division Series was crushing, but losing the tomahawk chop as well would be too much for Kevin Mooneyhan.","Online petition to keep divisive Braves tomahawk chop nears 60,000",finance,financenews,8.491244e-05,0,Kevin Mooneyhan faces disappointment after Game 5 loss and losing tomahawk chop.,gpt-4o-mini,,Kevin Mooneyhan faces disappointment after Game 5 loss and losing tomahawk chop,0.0003327419,0,0.0002478294708245,False,0.5,,,,,,,,,Kevin Mooneyhan faces disappointment after Game 5 loss and losing tomahawk chop,0.0003327419,0,,,,,,,,Kevin Mooneyhan faces disappointment after Game 5 loss and losing tomahawk chop,0.0003327419,0
42,36881,N54282,Fort Collins is celebrating the 20th anniversary of the city's climate action efforts with a free event at the Lincoln Center.,"Fort Collins, CSU hosting event to celebrate 20 years of climate action",weather,weathertopstories,8.906224e-05,0,Fort Collins marks 20 years of climate action with free event.,gpt-4o-mini,,Fort Collins marks 20 years of climate action with free event,0.00011087105,0,2.180880940088466e-05,False,0.5,,,,,,,,,Fort Collins marks 20 years of climate action with free event,0.00011087105,0,,,,,,,,Fort Collins marks 20 years of climate action with free event,0.00011087105,0
43,14091,N39969,"President Donald Trump on Monday equated the case of a hate crime allegation made by actor Jussie Smollett to the current impeachment process being imposed by Congress, calling both a ""scam.""",Trump equates the Smollett case to impeachment inquiry,news,newspolitics,0.00013501775,0,Trump Compares Jussie Smollett Hate Crime Allegation to Impeachment Process,gpt-4o-mini,,Trump Compares Jussie Smollett Hate Crime Allegation to Impeachment Process,0.00048032383,0,0.0003453060761956,False,0.5,,,,,,,,,Trump Compares Jussie Smollett Hate Crime Allegation to Impeachment Process,0.00048032383,0,,,,,,,,Trump Compares Jussie Smollett Hate Crime Allegation to Impeachment Process,0.00048032383,0
44,688,N31254,"If you're apartment hunting, you know how hard it can be to find a bargain nearby. So what does the low-end rental price in Zilker look like these days?","The most affordable apartments for rent in Zilker, Austin",finance,finance-real-estate,0.058436096,0,Low-End Rental Prices in Zilker Trending for Apartment Hunters,gpt-4o-mini,,Low-End Rental Prices in Zilker Trending for Apartment Hunters,0.000112959584,0,-0.0583231364160697,True,0.5,,,,,,,,,Low-End Rental Prices in Zilker Trending for Apartment Hunters,0.000112959584,0,,,,,,,,Low-End Rental Prices in Zilker Trending for Apartment Hunters,0.000112959584,0
45,12679,N41926,"Often marketed as a natural solution to aches and pains, CBD can now be found in food, drinks, and even skincare products.",8 Questions to Ask Yourself Before Using CBD,health,wellness,0.9999633,1,"CBD is increasingly available in food, drinks, and skincare products.",gpt-4o-mini,,"CBD is increasingly available in food, drinks, and skincare products",0.00029357988,0,-0.9996697201161264,True,0.5,,,,,,,,,"CBD is increasingly available in food, drinks, and skincare products",0.00029357988,0,,,,,,,,"CBD is increasingly available in food, drinks, and skincare products",0.00029357988,0
46,30935,N36043,"Eat the Frog Fitness and MOOYAH Burgers, Fries & Shakes are headed for Hill Center Brentwood.",2 more business openings on tap at Hill Center Brentwood,foodanddrink,newstrends,0.000101162725,0,Eat the Frog Fitness and MOOYAH Burgers to Open at Hill Center Brentwood.,gpt-4o-mini,,Eat the Frog Fitness and MOOYAH Burgers to Open at Hill Center Brentwood,0.00071884383,0,0.0006176811071463,False,0.5,,,,,,,,,Eat the Frog Fitness and MOOYAH Burgers to Open at Hill Center Brentwood,0.00071884383,0,,,,,,,,Eat the Frog Fitness and MOOYAH Burgers to Open at Hill Center Brentwood,0.00071884383,0
47,61208,N33158,"LEBANON, Pa. -There's an unrepaired sinkhole in a Lebanon neighborhood and it's causing more problems than one. The location of it has people playing the blame game and now it's all falling back on one person. The hole on Elm Street is causing a whole lot of problems for Debbie Carpenter of Lebanon. ""I'm very stressed,"" Carpenter said. ""I'm very upset about this whole thing. I just want it to ...","City, resident at odds over sinkhole repair in Lebanon",news,newsus,6.3600986e-05,0,Unrepaired sinkhole in Lebanon causes stress for resident Debbie Carpenter,gpt-4o-mini,,Unrepaired sinkhole in Lebanon causes stress for resident Debbie Carpenter,0.0001046052,0,4.100421243036309e-05,False,0.5,,,,,,,,,Unrepaired sinkhole in Lebanon causes stress for resident Debbie Carpenter,0.0001046052,0,,,,,,,,Unrepaired sinkhole in Lebanon causes stress for resident Debbie Carpenter,0.0001046052,0
48,11581,N51345,"A fading piece of Americana, bobwhite quail are iconic in Texas. The tradition of hunting them with friends and family is a social experience that can be second to none. ""Once people do it and experience it, it's something they'll never forget. The first flush of wild quail, how your heart jumps in your throat you feel like you're about to have a heart attack,"" said Robert Perez, upland game bird program leader for the Texas Parks and Wildlife...",Texas quail rebounding after a dismal 2018,travel,traveltripideas,0.00018981566,0,Hunting bobwhite quail remains a cherished tradition in Texas.,gpt-4o-mini,,Hunting bobwhite quail remains a cherished tradition in Texas,0.010971084,0,0.0107812685770986,False,0.5,,,,,,,,,Hunting bobwhite quail remains a cherished tradition in Texas,0.010971084,0,,,,,,,,Hunting bobwhite quail remains a cherished tradition in Texas,0.010971084,0
49,31808,N54566,"Most machines you find at the gym are engineered to train specific muscles, but what if you only have 20, 30 minutes?",You Asked: What's the Most Effective Machine to Use at the Gym?,health,fitness,0.9998586,1,Maximizing Gym Workouts in 20 to 30 Minutes for Targeted Muscle Training,gpt-4o-mini,,Maximizing Gym Workouts in 20 to 30 Minutes for Targeted Muscle Training,0.00035494336,0,-0.9995036566395652,True,0.5,,,,,,,,,Maximizing Gym Workouts in 20 to 30 Minutes for Targeted Muscle Training,0.00035494336,0,,,,,,,,Maximizing Gym Workouts in 20 to 30 Minutes for Targeted Muscle Training,0.00035494336,0
50,28111,N9557,Vice officers stormed the building in connection with a Design District massage parlor that was also raided,Critically Acclaimed Southlake Restaurant Raided By Police,foodanddrink,newstrends,0.00013959281,0,Vice Officers Raid Building Linked to Design District Massage Parlor,gpt-4o-mini,,Vice Officers Raid Building Linked to Design District Massage Parlor,8.546492e-05,0,-5.412789118866012e-05,True,0.5,,,,,,,,,Vice Officers Raid Building Linked to Design District Massage Parlor,8.546492e-05,0,,,,,,,,Vice Officers Raid Building Linked to Design District Massage Parlor,8.546492e-05,0
51,21363,N48983,"Canada's ruling Liberals took an early lead after polls closed in four provinces on Monday, as Prime Minister Justin Trudeau battled to remain in power after two major scandals and a spirited challenge by the opposition Conservatives.",Trudeau's Liberals take early lead after first Canadian polls close,news,newsworld,7.451728e-05,0,Canada's Liberals Lead After Polls Close Amid Scandals and Conservative Challenge,gpt-4o-mini,,Canada's Liberals Lead After Polls Close Amid Scandals and Conservative Challenge,6.614405e-05,0,-8.373230075667349e-06,True,0.5,,,,,,,,,Canada's Liberals Lead After Polls Close Amid Scandals and Conservative Challenge,6.614405e-05,0,,,,,,,,Canada's Liberals Lead After Polls Close Amid Scandals and Conservative Challenge,6.614405e-05,0
52,55721,N61577,"We simply can't allow massive rent increases and unjust evictions to happen anymore, councilmember says","To help renters, LA moving to ban 'no fault' evictions",finance,finance-real-estate,0.00011664184,0,Councilmember calls for action against rent increases and evictions.,gpt-4o-mini,,Councilmember calls for action against rent increases and evictions,9.106913e-05,0,-2.5572709423784317e-05,True,0.5,,,,,,,,,Councilmember calls for action against rent increases and evictions,9.106913e-05,0,,,,,,,,Councilmember calls for action against rent increases and evictions,9.106913e-05,0
53,27278,N52246,"Chinese conglomerate Fosun has snapped up the Thomas Cook brand for 11 million ($14.2 million), weeks after the renowned British travel group went bust and left hundreds of thousands of holidaymakers stranded abroad.",Fosun buys Thomas Cook brand for 11 million,finance,finance-companies,7.841044e-05,0,Fosun Acquires Thomas Cook Brand for $14.2 Million Following Bankruptcy,gpt-4o-mini,,Fosun Acquires Thomas Cook Brand for $14.2 Million Following Bankruptcy,9.863012e-05,0,2.021967655397714e-05,False,0.5,,,,,,,,,Fosun Acquires Thomas Cook Brand for $14.2 Million Following Bankruptcy,9.863012e-05,0,,,,,,,,Fosun Acquires Thomas Cook Brand for $14.2 Million Following Bankruptcy,9.863012e-05,0
54,12410,N34177,Browse listings of dogs up for adoption at pet adoption centers in and around Seattle.,5 delightful doggies to adopt now in Seattle,news,newsus,0.99996114,1,Dogs Available for Adoption at Centers in Seattle Area,gpt-4o-mini,,Dogs Available for Adoption at Centers in Seattle Area,0.00016654762,0,-0.9997945923843368,True,0.5,,,,,,,,,Dogs Available for Adoption at Centers in Seattle Area,0.00016654762,0,,,,,,,,Dogs Available for Adoption at Centers in Seattle Area,0.00016654762,0
55,19581,N62935,"As with other jobs in the health care sector, becoming a dentist is a long, costly, and demanding endeavor.",The Best and Worst States to Be a Dentist,health,medical,0.9989392,1,Becoming a dentist is a long and costly process in health care.,gpt-4o-mini,,Becoming a dentist is a long and costly process in health care,0.0002952396,0,-0.9986439604119872,True,0.5,,,,,,,,,Becoming a dentist is a long and costly process in health care,0.0002952396,0,,,,,,,,Becoming a dentist is a long and costly process in health care,0.0002952396,0
56,49179,N62590,"A Gilroy mother suspected of drowning her 2-year-old daughter told a dispatcher she ""just snapped"" as her child gave her ""a hard time,"" according to a court document.",Gilroy mom suspected of killing 2-year-old daughter allegedly told dispatcher she 'just snapped',news,newscrime,0.5543773,1,"Gilroy mother accused of drowning daughter says she ""just snapped"" in dispatcher call.",gpt-4o-mini,,"Gilroy mother accused of drowning daughter says she ""just snapped"" in dispatcher call",0.02889834,0,-0.5254789602814197,True,0.5,,,,,,,,,"Gilroy mother accused of drowning daughter says she ""just snapped"" in dispatcher call",0.02889834,0,,,,,,,,"Gilroy mother accused of drowning daughter says she ""just snapped"" in dispatcher call",0.02889834,0
57,23740,N41233,Rep. Debbie Wasserman Schultz (D-Fla.) said she stands by her remarks from earlier this week in which she called acting U.S. Citizenship and Immigration Services (USCIS) Director Ken Cuccinelli a white supremacist.,Debbie Wasserman Schultz defends calling Ken Cuccinelli a white supremacist,news,newspolitics,0.007291922,0,Rep. Debbie Wasserman Schultz Defends Calling USCIS Director Cuccinelli a White Supremacist,gpt-4o-mini,,Rep. Debbie Wasserman Schultz Defends Calling USCIS Director Cuccinelli a White Supremacist,0.00016803476,0,-0.0071238872368081,True,0.5,,,,,,,,,Rep. Debbie Wasserman Schultz Defends Calling USCIS Director Cuccinelli a White Supremacist,0.00016803476,0,,,,,,,,Rep. Debbie Wasserman Schultz Defends Calling USCIS Director Cuccinelli a White Supremacist,0.00016803476,0
58,1165,N41526,"Save time without sacrificing cleanliness at home with these mighty cleaning products. No stain, scum, or smell can handle the battle against them. As an added bonus, many of the products on the list are free of harsh chemicals and scents.",11 Powerful Products That Cut Your Cleaning Time in Half,lifestyle,lifestylecleaningandorganizing,0.99997556,1,Effective Cleaning Products That Save Time and Avoid Harsh Chemicals,gpt-4o-mini,,Effective Cleaning Products That Save Time and Avoid Harsh Chemicals,0.00020445799,0,-0.9997711020112704,True,0.5,,,,,,,,,Effective Cleaning Products That Save Time and Avoid Harsh Chemicals,0.00020445799,0,,,,,,,,Effective Cleaning Products That Save Time and Avoid Harsh Chemicals,0.00020445799,0
59,56149,N34019,"The name of the patient has not been released, and there's no clear answer as to how this tragedy happened, but here's a breakdown of what we do know.",Patient dies in ER at WellSpan York Hospital what we know now,health,medical,0.000167963,0,"Details are limited following patient tragedy, name withheld.",gpt-4o-mini,,"Details are limited following patient tragedy, name withheld",0.000121107936,0,-4.685506386171282e-05,True,0.5,,,,,,,,,"Details are limited following patient tragedy, name withheld",0.000121107936,0,,,,,,,,"Details are limited following patient tragedy, name withheld",0.000121107936,0
60,18192,N45306,"At first, teachers at Sky Valley Education Center simply evacuated students and used fans to clear the air when the fluorescent lights caught fire or smoked with noxious fumes.","Toxic PCBs linger in schools; EPA, lawmakers fail to act",news,newsus,9.0061294e-05,0,Sky Valley Education Center teachers evacuate students after fluorescent lights catch fire.,gpt-4o-mini,,Sky Valley Education Center teachers evacuate students after fluorescent lights catch fire,0.00012898461,0,3.892331736501283e-05,False,0.5,,,,,,,,,Sky Valley Education Center teachers evacuate students after fluorescent lights catch fire,0.00012898461,0,,,,,,,,Sky Valley Education Center teachers evacuate students after fluorescent lights catch fire,0.00012898461,0
61,39254,N34443,"In the land of sourdough, heavy loaves of dense Tartine Bakery bread and naturally fermented everything, milk bread might seem like a surprising choice for San Francisco chefs. But they love it. ""I think white bread is kind of taboo in the Bay Area food scene,"" said Anthony Strong, chef-owner of Prairie in the Mission. ""I feel a little guilty eating it sometimes. This isn't some sort of heirloom flour that was milled down the street."" Japanese...",San Francisco chefs find nostalgia in Japanese milk bread,foodanddrink,newstrends,0.0007083035,0,San Francisco Chefs Embrace Milk Bread Amid Sourdough Tradition,gpt-4o-mini,,San Francisco Chefs Embrace Milk Bread Amid Sourdough Tradition,0.00034224353,0,-0.0003660599743347,True,0.5,,,,,,,,,San Francisco Chefs Embrace Milk Bread Amid Sourdough Tradition,0.00034224353,0,,,,,,,,San Francisco Chefs Embrace Milk Bread Amid Sourdough Tradition,0.00034224353,0
62,8229,N60446,"After Dr. Ulrich Klopfer died in September his family found 2,246 preserved fetuses at his home in Illinois. Authorities have now found more.",More fetal remains connected to dead abortion doctor found in Illinois,news,newscrime,0.00010551436,0,Authorities discover additional preserved fetuses at Dr. Ulrich Klopfer's home.,gpt-4o-mini,,Authorities discover additional preserved fetuses at Dr. Ulrich Klopfer's home,0.00012283857,0,1.7324206312566395e-05,False,0.5,,,,,,,,,Authorities discover additional preserved fetuses at Dr. Ulrich Klopfer's home,0.00012283857,0,,,,,,,,Authorities discover additional preserved fetuses at Dr. Ulrich Klopfer's home,0.00012283857,0
63,20001,N59327,Dust off your grandma's cookbook and make one of these vintage Christmas desserts for your holiday feast. The post 30 Vintage Christmas Desserts Inspired by Grandma appeared first on Taste of Home.,30 Vintage Christmas Desserts Inspired by Grandma,foodanddrink,recipes,0.9999771,1,30 Vintage Christmas Desserts Inspired by Grandma for Your Holiday Feast,gpt-4o-mini,,30 Vintage Christmas Desserts Inspired by Grandma for Your Holiday Feast,0.99997807,1,9.65490722704132e-07,False,0.5,Vintage Christmas Desserts from Grandma's Cookbook for Holiday Celebrations,gpt-4o-mini,,Vintage Christmas Desserts from Grandma's Cookbook for Holiday Celebrations,0.9999498,1.0,-2.825711090093108e-05,-2.7287110900831024e-05,Vintage Christmas Desserts from Grandma's Cookbook for Holiday Celebrations,0.9999498128890992,1,Vintage Christmas Desserts Featured in Taste of Home Article,gpt-4o-mini,,Vintage Christmas Desserts Featured in Taste of Home Article,0.99971133,1.0,-0.00023846529464721655,Vintage Christmas Desserts Featured in Taste of Home Article,0.9997113347053528,1
64,8097,N22702,"A school in south Seattle had to cancel some classes after someone allegedly set fire to one of their buildings. St. Bernadette Catholic School on SW 128th Street in White Center released a statement Thursday, saying a fire caused major damage to their primary building, which houses the pre-school to third-grade classrooms. It happened overnight Wednesday into Thursday morning. School leaders said cleaners are working around the clock and...",Fire damages St. Bernadette Catholic School in south Seattle,lifestyle,lifestylebuzz,8.314723e-05,0,St. Bernadette Catholic School Cancels Classes After Overnight Fire Damage,gpt-4o-mini,,St. Bernadette Catholic School Cancels Classes After Overnight Fire Damage,0.00014826283,0,6.511559858848572e-05,False,0.5,,,,,,,,,St. Bernadette Catholic School Cancels Classes After Overnight Fire Damage,0.00014826283,0,,,,,,,,St. Bernadette Catholic School Cancels Classes After Overnight Fire Damage,0.00014826283,0
65,35802,N6418,"Every year, volunteers bring holiday cheer to seniors in long-term care facilities as part of the Brevard County TRIAD's Senior Santa program.",Senior Santa a great way to help area's elderly,travel,travelarticle,0.86702895,1,Volunteers Spread Holiday Cheer to Seniors Through Senior Santa Program in Brevard County,gpt-4o-mini,,Volunteers Spread Holiday Cheer to Seniors Through Senior Santa Program in Brevard County,0.00087323616,0,-0.8661557138397403,True,0.5,,,,,,,,,Volunteers Spread Holiday Cheer to Seniors Through Senior Santa Program in Brevard County,0.00087323616,0,,,,,,,,Volunteers Spread Holiday Cheer to Seniors Through Senior Santa Program in Brevard County,0.00087323616,0
66,56157,N18679,"Penn State junior Megan McNeely was just headed to class, when she heard a voice in the distance. ""Michigan State?! Why are you wearing that?"" That was from football coach James Franklin, who while walking across campus spotted McNeely wearing a T-shirt supporting the Spartans. (McNeely has family that went to MSU.) So Franklin's rectified McNeeley's wardrobe choice ... by giving her his Penn ...",Penn State's James Franklin gives student in Michigan State shirt his instead,sports,basketball_ncaa,0.00024723596,0,James Franklin Gives Penn State Shirt to Student Wearing Spartans Gear,gpt-4o-mini,,James Franklin Gives Penn State Shirt to Student Wearing Spartans Gear,0.00020368629,0,-4.354967388677509e-05,True,0.5,,,,,,,,,James Franklin Gives Penn State Shirt to Student Wearing Spartans Gear,0.00020368629,0,,,,,,,,James Franklin Gives Penn State Shirt to Student Wearing Spartans Gear,0.00020368629,0
67,44445,N55459,"Kansas coach Les Miles says he's ready for the reunion. Miles, who has guided the Jayhawks to a 3-6 record, will return to a previous stop this weekend: Stillwater, where KU will play at Oklahoma State on Saturday. ""I think I will enjoy walking in that stadium,"" Miles said, ""more than anybody else."" Miles recalls his days as Oklahoma State coach fondly. He was there from 2001-04, ...","KU Jayhawks football vs. Oklahoma State Cowboys: Kickoff time, TV, 5 things to know",sports,football_ncaa,0.9889338,1,Les Miles prepares for reunion with Oklahoma State this weekend,gpt-4o-mini,,Les Miles prepares for reunion with Oklahoma State this weekend,0.00034621631,0,-0.988587583685062,True,0.5,,,,,,,,,Les Miles prepares for reunion with Oklahoma State this weekend,0.00034621631,0,,,,,,,,Les Miles prepares for reunion with Oklahoma State this weekend,0.00034621631,0
68,29077,N28549,"A few of Kentucky's representatives had something to say after the vote, and Majority Leader Mitch McConnell had strong words in the Senate",How Kentucky's House delegation voted on the Trump impeachment inquiry rules,news,newspolitics,0.001457816,0,Kentucky Representatives and Mitch McConnell Respond After Vote,gpt-4o-mini,,Kentucky Representatives and Mitch McConnell Respond After Vote,7.1408664e-05,0,-0.0013864073363564,True,0.5,,,,,,,,,Kentucky Representatives and Mitch McConnell Respond After Vote,7.1408664e-05,0,,,,,,,,Kentucky Representatives and Mitch McConnell Respond After Vote,7.1408664e-05,0
69,1977,N37841,These gentle giants are not only adorable they're also fascinating. Here are a few surprising facts about perhaps the sweetest sea creatures. The post 13 Things You Never Knew About Manatees appeared first on Reader's Digest.,13 Things You Never Knew About Manatees,lifestyle,causes-animals,0.9999789,1,13 Fascinating Facts About Manatees You May Not Know,gpt-4o-mini,,13 Fascinating Facts About Manatees You May Not Know,0.999979,1,1.1916503905862188e-07,False,0.5,Surprising Facts About Manatees and Their Unique Behaviors,gpt-4o-mini,,Surprising Facts About Manatees and Their Unique Behaviors,0.9998305,1.0,-0.0001485156097411,-0.0001484156097412,Surprising Facts About Manatees and Their Unique Behaviors,0.9998304843902588,1,Facts About Manatees and Their Characteristics,gpt-4o-mini,,Facts About Manatees and Their Characteristics,0.9980521,1.0,-0.001778379791259721,Facts About Manatees and Their Characteristics,0.9980521202087402,1
70,4989,N30211,"Rafael Nadal pulled out of the Paris Masters with an abdominal injury just minutes before the scheduled start of his semi-final against Denis Shapovalov on Saturday, and admitted his participation at the ATP Tour Finals was in doubt. The 33-year-old has battled multiple injuries throughout his career and also pulled out of the Paris Masters on his last appearance in 2017 before the quarter-finals.","'Super sad' Nadal out of Paris Masters, doubt for ATP Finals",sports,tennis,7.290131e-05,0,Rafael Nadal Withdraws from Paris Masters Due to Abdominal Injury,gpt-4o-mini,,Rafael Nadal Withdraws from Paris Masters Due to Abdominal Injury,0.00010635917,0,3.345785987666861e-05,False,0.5,,,,,,,,,Rafael Nadal Withdraws from Paris Masters Due to Abdominal Injury,0.00010635917,0,,,,,,,,Rafael Nadal Withdraws from Paris Masters Due to Abdominal Injury,0.00010635917,0
71,5356,N33680,"A nearly 8,000 square-foot mansion in Scottsdale with a finished basement was among this week's priciest homes sold in metro Phoenix.","A Scottsdale mansion with a rooftop view deck, home theater sells for $2.65M",finance,finance-real-estate,0.0001175115,0,Scottsdale Mansion Among Metro Phoenix's Priciest Home Sales This Week,gpt-4o-mini,,Scottsdale Mansion Among Metro Phoenix's Priciest Home Sales This Week,0.0008598394,0,0.0007423278760621,False,0.5,,,,,,,,,Scottsdale Mansion Among Metro Phoenix's Priciest Home Sales This Week,0.0008598394,0,,,,,,,,Scottsdale Mansion Among Metro Phoenix's Priciest Home Sales This Week,0.0008598394,0
72,3102,N62853,Connor Murphy posted a video to his YouTube channel in 2016 that highlights the ways people can manipulate their appearance for photos.,A bodybuilder showed how fitness influencers can make their bodies look Instagram-perfect in before-and-after photos,health,fitness,0.9999678,1,Connor Murphy's 2016 YouTube Video Highlights Photo Appearance Manipulation Techniques,gpt-4o-mini,,Connor Murphy's 2016 YouTube Video Highlights Photo Appearance Manipulation Techniques,0.99952006,1,-0.0004477365997314,True,0.5,Connor Murphy Discusses Techniques for Manipulating Appearance in 2016 Video,gpt-4o-mini,,Connor Murphy Discusses Techniques for Manipulating Appearance in 2016 Video,0.99935824,1.0,-0.0001618232102966,-0.0006095632102965,Connor Murphy Discusses Techniques for Manipulating Appearance in 2016 Video,0.9993582367897034,1,Connor Murphy Explains Appearance Manipulation Techniques in 2016 YouTube Video,gpt-4o-mini,,Connor Murphy Explains Appearance Manipulation Techniques in 2016 YouTube Video,0.9992957,1.0,-6.252848266596889e-05,Connor Murphy Explains Appearance Manipulation Techniques in 2016 YouTube Video,0.999295711517334,1
73,5858,N64387,"If you love Halloween, this spooky wedding shoot is a great way to get a little dark inspiration for your big day.","This Halloween Corn Maze Wedding Is Dark, Sophisticated, and Bone-Chillingly Beautiful",lifestyle,lifestyleweddings,0.9999722,1,Spooky Wedding Shoot Offers Dark Inspiration for Halloween Lovers,gpt-4o-mini,,Spooky Wedding Shoot Offers Dark Inspiration for Halloween Lovers,0.99994624,1,-2.5963389587380092e-05,True,0.5,Halloween-Inspired Wedding Shoot Provides Ideas for Dark-Themed Celebrations,gpt-4o-mini,,Halloween-Inspired Wedding Shoot Provides Ideas for Dark-Themed Celebrations,0.9999285,1.0,-1.7765573730454953e-05,-4.37255737304465e-05,Halloween-Inspired Wedding Shoot Provides Ideas for Dark-Themed Celebrations,0.9999284744262696,1,Halloween Wedding Shoot Offers Inspiration for Themed Celebrations,gpt-4o-mini,,Halloween Wedding Shoot Offers Inspiration for Themed Celebrations,0.9998592,1.0,-6.928617095947054e-05,Halloween Wedding Shoot Offers Inspiration for Themed Celebrations,0.9998592138290405,1
74,64312,N60130,"3 ON YOUR SIDE (3TV) - The 3 On Your Side Team gets a lot of emails from viewers wondering if certain phone calls are legit or scams. So, we want to share some of those calls with you, so you know what to look out for. [WATCH: 3 On Your Side warns about scam phone calls] First up, there's one call we've been getting a lot of questions about regarding the Social Security Administration. Here's a sample. ""This call is from the Department of Social...",Don't be duped by 'phony' phone calls,news,newsus,0.99992406,1,3 On Your Side shares tips to identify scam phone calls.,gpt-4o-mini,,3 On Your Side shares tips to identify scam phone calls,0.100636296,0,-0.8992877640257454,True,0.5,,,,,,,,,3 On Your Side shares tips to identify scam phone calls,0.100636296,0,,,,,,,,3 On Your Side shares tips to identify scam phone calls,0.100636296,0
75,61995,N26409,"Winter is not stopping Milwaukee's pilot scooter program even if snow did for a day. The city ordered scooter companies to move the vehicles off the streets before Thursday's storm. Scooters were back on Milwaukee's streets Friday after the Halloween snowstorm forced them into temporary storage according to a Lime spokesman. ""We monitor the weather in addition to a number of other things we do. And our robust operations staff decided to pull...",Snow puts skids on scooters for day,travel,travelarticle,0.0003672552,0,Milwaukee scooter program resumes operations after brief winter weather break.,gpt-4o-mini,,Milwaukee scooter program resumes operations after brief winter weather break,7.1149145e-05,0,-0.0002961060552126,True,0.5,,,,,,,,,Milwaukee scooter program resumes operations after brief winter weather break,7.1149145e-05,0,,,,,,,,Milwaukee scooter program resumes operations after brief winter weather break,7.1149145e-05,0
76,36522,N39981,Majority Leader Steny Hoyer joins Morning Joe to discuss Wednesday's hearing with top diplomats George Kent and Bill Taylor and why he will make a decision on impeachment after he's heard all of the testimony.,Rep. Hoyer: I'll reserve judgment until I hear all testimony,news,newsus,0.0002909947,0,Steny Hoyer discusses impeachment decision after diplomats' testimony on Morning Joe.,gpt-4o-mini,,Steny Hoyer discusses impeachment decision after diplomats' testimony on Morning Joe,0.00012234971,0,-0.0001686449907276,True,0.5,,,,,,,,,Steny Hoyer discusses impeachment decision after diplomats' testimony on Morning Joe,0.00012234971,0,,,,,,,,Steny Hoyer discusses impeachment decision after diplomats' testimony on Morning Joe,0.00012234971,0
77,44576,N44639,"If the start of Thursday's practice is any indication, quarterback Jimmy Garoppolo and his 49ers offense could operate at significantly less than full strength Sunday against Arizona. Tight end George Kittle (ankle/knee injuries), wide receiver Emmanuel Sanders (ribs) and running back Matt Breida (ankle) didn't participate in the portion of practice open to the media. Sanders, wearing his No. 17 jersey and sweats, was walking off the field as...",49ers offense still at less than full strength ahead of game vs. Arizona,sports,football_nfl,8.148334e-05,0,49ers offense shows potential injuries ahead of game against Arizona.,gpt-4o-mini,,49ers offense shows potential injuries ahead of game against Arizona,7.844028e-05,0,-3.0430599508920336e-06,True,0.5,,,,,,,,,49ers offense shows potential injuries ahead of game against Arizona,7.844028e-05,0,,,,,,,,49ers offense shows potential injuries ahead of game against Arizona,7.844028e-05,0
78,25820,N5322,"A milder-than-average winter is predicted across much of the country, federal forecasters said in the official U.S. winter outlook released Thursday.","Mild but changeable winter weather predicted for much of U.S., federal forecasters say",weather,weathertopstories,9.420616e-05,0,Federal forecasters predict milder-than-average winter for much of the U.S.,gpt-4o-mini,,Federal forecasters predict milder-than-average winter for much of the U.S,0.00010109754,0,6.891379300099019e-06,False,0.5,,,,,,,,,Federal forecasters predict milder-than-average winter for much of the U.S,0.00010109754,0,,,,,,,,Federal forecasters predict milder-than-average winter for much of the U.S,0.00010109754,0
79,12477,N60146,A pregame injury report before the Michigan Wolverines face No. 7 Penn State in a Big Ten matchup,Michigan injury report: Here's who is expected to play at Penn State,sports,football_ncaa,0.00019250887,0,Michigan Wolverines Release Pregame Injury Report Ahead of Penn State Game,gpt-4o-mini,,Michigan Wolverines Release Pregame Injury Report Ahead of Penn State Game,7.528574e-05,0,-0.0001172231323062,True,0.5,,,,,,,,,Michigan Wolverines Release Pregame Injury Report Ahead of Penn State Game,7.528574e-05,0,,,,,,,,Michigan Wolverines Release Pregame Injury Report Ahead of Penn State Game,7.528574e-05,0
80,31766,N38735,"It's tax season, and in the past couple of weeks you've probably been checking out your return or figuring out how you're going to pay your bill. Large corporations and wealthy individuals, though? They've figured out a way around that. These are the 20 countries that most often serve as tax havens, based mostly on research from activist group Oxfam.",The biggest tax havens in the world,finance,finance-taxes,0.0007929085,0,20 Countries Identified as Frequent Tax Havens by Oxfam Research,gpt-4o-mini,,20 Countries Identified as Frequent Tax Havens by Oxfam Research,0.0005144003,0,-0.0002785081919795,True,0.5,,,,,,,,,20 Countries Identified as Frequent Tax Havens by Oxfam Research,0.0005144003,0,,,,,,,,20 Countries Identified as Frequent Tax Havens by Oxfam Research,0.0005144003,0
81,5232,N53329,"Approaching his 40th birthday, Aaron Archer found himself at 230 pounds and nearly 25 percent body fat. He started doing regular HIIT workouts in addition to weight training and calorie tracking, and lost 40 pounds.",How This Guy Lost 40 Pounds and Got Shredded for His 40th Birthday,health,weightloss,0.99997437,1,Aaron Archer loses 40 pounds through HIIT workouts and calorie tracking.,gpt-4o-mini,,Aaron Archer loses 40 pounds through HIIT workouts and calorie tracking,0.00019100175,0,-0.9997833682545936,True,0.5,,,,,,,,,Aaron Archer loses 40 pounds through HIIT workouts and calorie tracking,0.00019100175,0,,,,,,,,Aaron Archer loses 40 pounds through HIIT workouts and calorie tracking,0.00019100175,0
82,57339,N56676,Three former Louisville Metro Police Department officers will have to pay back thousands of dollars in restitution for an overtime scheme that lasted years. Sgt. Brian Stanfield and Detectives Todd Roadhouse and Mark Final pleaded guilty to federal wire fraud charges Monday. The three officers admitted to submitting overtime requests and collecting payments for hours they did not actually work. As part of a unit in the department's Narcotics...,3 former LMPD officers plead guilty to federal charges of falsifying overtime records,news,newscrime,0.00017939623,0,Three former Louisville officers ordered to pay restitution for overtime fraud.,gpt-4o-mini,,Three former Louisville officers ordered to pay restitution for overtime fraud,0.00013525832,0,-4.413790963024228e-05,True,0.5,,,,,,,,,Three former Louisville officers ordered to pay restitution for overtime fraud,0.00013525832,0,,,,,,,,Three former Louisville officers ordered to pay restitution for overtime fraud,0.00013525832,0
83,58272,N8133,"Two crashes caused major issues Thursday morning near I-265 and I-65 in south Louisville. A jackknifed semi closed the ramp from I-265 West to I-65 North. That ramp has since opened. Sign up for our Newsletters The semi was leaking fuel. Another accident also blocked lanes on I-65 North, just inside I-265. READ THE FULL STORY:Crashes causing backups near I-265 and I-65 in Louisville CHECK OUT WLKY:Live. Local. Late-Breaking. Get the top...",Crashes causing backups near I-265 and I-65 in Louisville,autos,autosnews,8.717502e-05,0,Crashes near I-265 and I-65 in Louisville cause traffic backups,gpt-4o-mini,,Crashes near I-265 and I-65 in Louisville cause traffic backups,8.846516e-05,0,1.2901399335484145e-06,False,0.5,,,,,,,,,Crashes near I-265 and I-65 in Louisville cause traffic backups,8.846516e-05,0,,,,,,,,Crashes near I-265 and I-65 in Louisville cause traffic backups,8.846516e-05,0
84,51584,N44471,The head coach may have doomed his team - and his kicker - with the questionable call.,Matt Nagy defends decision to kneel before Eddy Pineiro miss,sports,football_nfl,0.00025608504,0,Head coach's questionable call puts team and kicker at risk.,gpt-4o-mini,,Head coach's questionable call puts team and kicker at risk,7.658624e-05,0,-0.0001794987976422,True,0.5,,,,,,,,,Head coach's questionable call puts team and kicker at risk,7.658624e-05,0,,,,,,,,Head coach's questionable call puts team and kicker at risk,7.658624e-05,0
85,47627,N52164,"Twitter user Brian the Brachiosaurus created a lovely video showing the progression of the snow in Point Place, Ohio, on Nov. 12, even though their clock literally froze from freezing rain at 3:44 p.m.",Brian the Brachiosaurus' snow time-lapse,weather,weathertopstories,0.85267437,1,"Video Captures Snow Progression in Point Place, Ohio, Amid Frozen Clock",gpt-4o-mini,,"Video Captures Snow Progression in Point Place, Ohio, Amid Frozen Clock",0.00011354339,0,-0.8525608266077828,True,0.5,,,,,,,,,"Video Captures Snow Progression in Point Place, Ohio, Amid Frozen Clock",0.00011354339,0,,,,,,,,"Video Captures Snow Progression in Point Place, Ohio, Amid Frozen Clock",0.00011354339,0
86,56956,N7103,Phoenix brunch restaurant Hash Kitchen has 60 ingredients on the largest bloody mary bar in Arizona. Here's the trick to making the massive drinks.,Here's the trick pros use to make massive bloody marys at Hash Kitchen in Phoenix,foodanddrink,newstrends,0.9999771,1,Hash Kitchen in Phoenix Features Arizona's Largest Bloody Mary Bar with 60 Ingredients,gpt-4o-mini,,Hash Kitchen in Phoenix Features Arizona's Largest Bloody Mary Bar with 60 Ingredients,0.99166155,1,-0.0083155513854979,True,0.5,Hash Kitchen in Phoenix Offers 60-Ingredient Bloody Mary Bar,gpt-4o-mini,,Hash Kitchen in Phoenix Offers 60-Ingredient Bloody Mary Bar,0.003310934,0.0,-0.9883506160580248,-0.9966661660580248,Hash Kitchen in Phoenix Offers 60-Ingredient Bloody Mary Bar,0.0033109339419752,0,,,,,,,,Hash Kitchen in Phoenix Offers 60-Ingredient Bloody Mary Bar,0.0033109339419752,0
87,6951,N57318,"A great white shark that weighs over 2,000 pounds and measures 15 feet, 5 inches long has been swimming along the US East Coast.","A 2,000-pound great white shark is swimming off the coast of Florida",news,newsus,0.24557604,0,"Great white shark over 2,000 pounds spotted off US East Coast.",gpt-4o-mini,,"Great white shark over 2,000 pounds spotted off US East Coast",0.00013797265,0,-0.2454380673545384,True,0.5,,,,,,,,,"Great white shark over 2,000 pounds spotted off US East Coast",0.00013797265,0,,,,,,,,"Great white shark over 2,000 pounds spotted off US East Coast",0.00013797265,0
88,34621,N12853,Finley put together a performance that indicates the Bengals are still looking for their quarterback of the future.,Life came at Ryan Finley fast in his first career start,sports,football_nfl,0.00032155888,0,Bengals Continue Search for Future Quarterback After Finley's Performance,gpt-4o-mini,,Bengals Continue Search for Future Quarterback After Finley's Performance,9.2859475e-05,0,-0.0002286994054653,True,0.5,,,,,,,,,Bengals Continue Search for Future Quarterback After Finley's Performance,9.2859475e-05,0,,,,,,,,Bengals Continue Search for Future Quarterback After Finley's Performance,9.2859475e-05,0
89,56073,N47159,"Michelle Mero Riedel's carefully composed garden in Oakdale is always ready for its close-up. The beds and plots are kept meticulously weeded and deadheaded, and she doesn't hesitate to move a plant that has grown too tall for the plants around it. ""I really like a tidy garden,"" said Mero Riedel. As a professional photographer, Mero Riedel relies on having a photogenic subject right outside ...",Photographer tends a picture-perfect garden in Oakdale,lifestyle,lifestylehomeandgarden,0.0005745638,0,Michelle Mero Riedel's Oakdale Garden Perfectly Suited for Photography,gpt-4o-mini,,Michelle Mero Riedel's Oakdale Garden Perfectly Suited for Photography,0.99992,1,0.9993454467667114,False,0.5,Michelle Mero Riedel Maintains a Photogenic Garden in Oakdale,gpt-4o-mini,,Michelle Mero Riedel Maintains a Photogenic Garden in Oakdale,0.9988826,1.0,-0.0010374082756042,0.9983080279243958,Michelle Mero Riedel Maintains a Photogenic Garden in Oakdale,0.9988825917243958,1,Michelle Mero Riedel Cultivates Garden in Oakdale for Photography,gpt-4o-mini,,Michelle Mero Riedel Cultivates Garden in Oakdale for Photography,0.0002757785,0.0,-0.9986068215031292,Michelle Mero Riedel Cultivates Garden in Oakdale for Photography,0.00027577849687077105,0
90,25614,N49789,"Every week in Genius Recipes often with your help! Food52 Creative Director and lifelong Genius-hunter Kristen Miglore is unearthing recipes that will change the way you cook. Why does everyone keep talking about this chopped salad? It first started making waves in 2006 when Nancy Silverton put it on the menu at Pizzeria Mozza in Los Angeles. Thirteen years later, Food52 community members are still writing to me to tell me how genius it is. It...",The Genius Chopped Salad Everyone's (Still) Talking About,foodanddrink,recipes,0.9999716,1,Food52 Highlights Chopped Salad Popularized by Nancy Silverton at Pizzeria Mozza,gpt-4o-mini,,Food52 Highlights Chopped Salad Popularized by Nancy Silverton at Pizzeria Mozza,0.9998566,1,-0.0001150087753295,True,0.5,Food52 Features Chopped Salad Recipe by Nancy Silverton from Pizzeria Mozza,gpt-4o-mini,,Food52 Features Chopped Salad Recipe by Nancy Silverton from Pizzeria Mozza,0.9999137,1.0,5.709247436525011e-05,-5.790752563472612e-05,Food52 Features Chopped Salad Recipe by Nancy Silverton from Pizzeria Mozza,0.9999136924743652,1,Food52 Highlights Chopped Salad Recipe from Nancy Silverton at Pizzeria Mozza,gpt-4o-mini,,Food52 Highlights Chopped Salad Recipe from Nancy Silverton at Pizzeria Mozza,0.9998467,1.0,-6.700314636232108e-05,Food52 Highlights Chopped Salad Recipe from Nancy Silverton at Pizzeria Mozza,0.9998466968536377,1
91,21105,N21131,"An Arcadia man with a history of donating to Democrats and Republicans in federal elections including $900,000 funneled to President Trump's inaugural committee is expected to plead guilty to falsifying records to conceal his work as a foreign agent and making almost $1 million in illegal campaign contributions, prosecutors said Tuesday. Imaad Shah Zuberi, a 49-year-old campaign fundraiser ...","SoCal Man Who Donated $900K to Trump Will Plead Guilty to Hiding Work as Foreign Agent, Illegal Campaign Contributions",news,newspolitics,0.00016324352,0,Arcadia Man Expected to Plead Guilty to Falsifying Records and Illegal Campaign Contributions,gpt-4o-mini,,Arcadia Man Expected to Plead Guilty to Falsifying Records and Illegal Campaign Contributions,0.0001061044,0,-5.713911777919202e-05,True,0.5,,,,,,,,,Arcadia Man Expected to Plead Guilty to Falsifying Records and Illegal Campaign Contributions,0.0001061044,0,,,,,,,,Arcadia Man Expected to Plead Guilty to Falsifying Records and Illegal Campaign Contributions,0.0001061044,0
92,42302,N64688,"Monty Williams felt first-year Michigan coach Juwan Howard could do anything, but he was one of the first coaches Howard asked questions about coaching.",How Suns coach Monty Williams helped Michigan's Juwan Howard become a coach,sports,basketball_ncaa,0.42067647,0,Monty Williams praises Juwan Howard's coaching curiosity in first year at Michigan.,gpt-4o-mini,,Monty Williams praises Juwan Howard's coaching curiosity in first year at Michigan,0.0029476604,0,-0.4177288096041244,True,0.5,,,,,,,,,Monty Williams praises Juwan Howard's coaching curiosity in first year at Michigan,0.0029476604,0,,,,,,,,Monty Williams praises Juwan Howard's coaching curiosity in first year at Michigan,0.0029476604,0
93,59599,N24706,"Last month was the hottest October ever recorded worldwide, according to data released by the European Union's satellite monitoring service on Tuesday. Globally, temperatures were 0.69 degrees Celsius (1.25 degrees Fahrenheit) warmer than the average October from 1981 to 2010, and 0.01 C warmer than the previous record holder, October 2015. This is equivalent to 1.2 Celsius above the pre-industrial average, the Copernicus Climate Change Service...",Last month hottest October on record: EU climate service,news,newsscienceandtechnology,0.00021198437,0,"October 2023 recorded as the hottest October globally, exceeding previous records.",gpt-4o-mini,,"October 2023 recorded as the hottest October globally, exceeding previous records",0.0010562853,0,0.0008443009722015,False,0.5,,,,,,,,,"October 2023 recorded as the hottest October globally, exceeding previous records",0.0010562853,0,,,,,,,,"October 2023 recorded as the hottest October globally, exceeding previous records",0.0010562853,0
94,8028,N5932,U.S. News & World Report released its new ratings for the best nursing homes in 2019-20 on Tuesday.,69 Texas Nursing Homes Make U.S. News 'Best' Ratings,health,wellness,0.00015268488,0,U.S. News & World Report announces 2019-20 best nursing homes ratings.,gpt-4o-mini,,U.S. News & World Report announces 2019-20 best nursing homes ratings,7.692301e-05,0,-7.576186994409293e-05,True,0.5,,,,,,,,,U.S. News & World Report announces 2019-20 best nursing homes ratings,7.692301e-05,0,,,,,,,,U.S. News & World Report announces 2019-20 best nursing homes ratings,7.692301e-05,0
95,16775,N28787,"Waves pummeled the shores of Lake Superior and Lake Michigan early this week as an intense storm system swept across the Great Lakes. Winds howled from the Dakotas through Michigan, and AccuWeather Reporter Blake Naftel witnessed the power of the storm first-hand along the eastern shores of Lake Michigan. Naftel was in Grand Haven, Michigan, on Tuesday morning when 50-mph wind gusts lashed the area. Those strong winds spawned large waves that...",Huge storm blows through and makes lake look like raging ocean,weather,weathertopstories,0.001636638,0,Intense storm brings 50-mph winds and large waves to Great Lakes shores,gpt-4o-mini,,Intense storm brings 50-mph winds and large waves to Great Lakes shores,0.00012829671,0,-0.0015083412867716,True,0.5,,,,,,,,,Intense storm brings 50-mph winds and large waves to Great Lakes shores,0.00012829671,0,,,,,,,,Intense storm brings 50-mph winds and large waves to Great Lakes shores,0.00012829671,0
96,28458,N58243,"Next month, however, you'll be able to see it from your own moped driven by you.",Uber Is Launching Mopeds in Paris,travel,travelnews,0.0011883004,0,Mopeds available for rent next month for personal exploration.,gpt-4o-mini,,Mopeds available for rent next month for personal exploration,0.00050241523,0,-0.0006858851657769,True,0.5,,,,,,,,,Mopeds available for rent next month for personal exploration,0.00050241523,0,,,,,,,,Mopeds available for rent next month for personal exploration,0.00050241523,0
97,14282,N44833,"Minnesota resident Carol Bauer captured video of a farmer driving his tractor through his fields as snow fell in Graceville, on November 6. Bauer told Storyful weather conditions this year made it challenging for farmers in west-central Minnesota, leading to low crop production. Many acres were not planted due to a wet summer and fall, and even some hail throughout the year, according to Bauer. ""Farmers had to plant cover crops to stop soil erosion or preventive planting instead of a productive crop,"" said Bauer. ""Now we are trying to finish up with wet fall snow. "" Credit: Carol Bauer via Storyful",Minnesota Farms Report Low Yields After 'Extremely Challenging' Weather Conditions,weather,weathertopstories,8.492726e-05,0,Minnesota farmer faces challenges with low crop production amid early November snow.,gpt-4o-mini,,Minnesota farmer faces challenges with low crop production amid early November snow,8.1641934e-05,0,-3.2853257700076697e-06,True,0.5,,,,,,,,,Minnesota farmer faces challenges with low crop production amid early November snow,8.1641934e-05,0,,,,,,,,Minnesota farmer faces challenges with low crop production amid early November snow,8.1641934e-05,0
98,40667,N24882,"The Wall of Faces campaign has been tracking down photos of the more than 58,000 faces on the Vietnam Veterans Memorial. But images from 11 men from Detroit are missing.",Help find photos of these 11 Vietnam Veterans from Detroit,lifestyle,lifestylebuzz,0.99988997,1,Campaign seeks missing photos of 11 Detroit veterans from Vietnam Memorial,gpt-4o-mini,,Campaign seeks missing photos of 11 Detroit veterans from Vietnam Memorial,8.058588e-05,0,-0.999809384120086,True,0.5,,,,,,,,,Campaign seeks missing photos of 11 Detroit veterans from Vietnam Memorial,8.058588e-05,0,,,,,,,,Campaign seeks missing photos of 11 Detroit veterans from Vietnam Memorial,8.058588e-05,0
99,43505,N6848,"Missouri State Auditor Nicole Galloway has again issued a subpoena to Clay County officials pushing the county to turn over documents related to a citizen-mandated audit. ""Given the past conduct of the county in evading the audit, the subpoena was issued to get answers on behalf of Clay County citizens,"" the auditor's office said in a statement. Sign up for our Newsletters In October, a judge dismissed a lawsuit filed by the Clay County...",State auditor again issues subpoena to Clay County in citizen-mandated audit,news,newsus,6.6570734e-05,0,Missouri Auditor Issues Subpoena for Clay County Audit Documents,gpt-4o-mini,,Missouri Auditor Issues Subpoena for Clay County Audit Documents,6.1828345e-05,0,-4.742389230689796e-06,True,0.5,,,,,,,,,Missouri Auditor Issues Subpoena for Clay County Audit Documents,6.1828345e-05,0,,,,,,,,Missouri Auditor Issues Subpoena for Clay County Audit Documents,6.1828345e-05,0
100,62644,N39002,"Mizner Park, a 28-year-old shopping plaza in downtown Boca Raton, was in need of a refresh after losing some tenants in recent years. Now, the owner is energizing its retail mix with restaurants, bars, stores, entertainment, and some pop-up retailers. H u00e4stens, a company that sells handmade bedding from Sweden, will open in December, according to Mizner Park's management, followed by ...","Boca Raton's Mizner Park jazzes up plaza with new restaurants, stores, bars and entertainment",travel,travelnews,0.00014517433,0,Mizner Park to Revitalize Retail Mix with New Tenants and Pop-Up Shops,gpt-4o-mini,,Mizner Park to Revitalize Retail Mix with New Tenants and Pop-Up Shops,9.780703e-05,0,-4.7367298875169766e-05,True,0.5,,,,,,,,,Mizner Park to Revitalize Retail Mix with New Tenants and Pop-Up Shops,9.780703e-05,0,,,,,,,,Mizner Park to Revitalize Retail Mix with New Tenants and Pop-Up Shops,9.780703e-05,0
